CourseTitle,Category,Sub Category,CourseWebsite,Duration,DurationTerm,StudyMode,DegreeLevel,IntakeDay,IntakeMonth,ApplyDay,ApplyMonth,City,DomesticOnly,InternationalFee,DomesticFee,FeeTerm,FeeYear,Currency,StudyLoad,Language,IELTS_Listening,IELTS_Speaking,IELTS_Writing,IELTS_Reading,IELTS_Overall,PTE_Listening,PTE_Speaking,PTE_Writing,PTE_Reading,PTE_Overall,TOEFL_Listening,TOEFL_Speaking,TOEFL_Writing,TOEFL_Reading,TOEFL_Overall,English Test,English Test Reading,English Test Listening,English Test Speaking,English Test Writing,English Test Overall,AcademicLevel,AcademicScore,ScoreType,AcademicCountry,OtherTest,Score,OtherRequirement,CourseDescription,CourseStructure,Career
,,,"https://www.nottingham.ac.uk/ugstudy/course/American-and-Canadian-Literature,-History-and-Culture-(International-Study)-with-Foundation-Year-BA",,,,,,,,,,,,,,,,,,,,,,,,,,,,,,,,,,,,,,,,,,,,,,,,
,,,https://www.nottingham.ac.uk/ugstudy/course/Cancer-Sciences-MSci,,,,,,,,,,,,,,,,,,,,,,,,,,,,,,,,,,,,,,,,,,,,,,,,
,,,https://www.nottingham.ac.uk/ugstudy/course/Cancer-Sciences-BSc,,,,,,,,,,,,,,,,,,,,,,,,,,,,,,,,,,,,,,,,,,,,,,,,
,,,https://www.nottingham.ac.uk/ugstudy/course/Biology-MSci,,,,,,,,,,,,,,,,,,,,,,,,,,,,,,,,,,,,,,,,,,,,,,,,
,,,https://www.nottingham.ac.uk/ugstudy/course/Chemical-Engineering-BEng,,,,,,,,,,,,,,,,,,,,,,,,,,,,,,,,,,,,,,,,,,,,,,,,
,,,https://www.nottingham.ac.uk/ugstudy/course/Chemical-Engineering-including-an-Industrial-Year-MEng,,,,,,,,,,,,,,,,,,,,,,,,,,,,,,,,,,,,,,,,,,,,,,,,
,,,https://www.nottingham.ac.uk/ugstudy/course/Biotechnology-BSc,,,,,,,,,,,,,,,,,,,,,,,,,,,,,,,,,,,,,,,,,,,,,,,,
,,,https://www.nottingham.ac.uk/ugstudy/course/Biotechnology-MSci,,,,,,,,,,,,,,,,,,,,,,,,,,,,,,,,,,,,,,,,,,,,,,,,
,,,https://www.nottingham.ac.uk/ugstudy/course/Biochemistry-MSci,,,,,,,,,,,,,,,,,,,,,,,,,,,,,,,,,,,,,,,,,,,,,,,,
,,,https://www.nottingham.ac.uk/ugstudy/course/Biochemistry-and-Molecular-Medicine-BSc,,,,,,,,,,,,,,,,,,,,,,,,,,,,,,,,,,,,,,,,,,,,,,,,
,,,https://www.nottingham.ac.uk/ugstudy/course/Biochemistry-and-Molecular-Medicine-MSci,,,,,,,,,,,,,,,,,,,,,,,,,,,,,,,,,,,,,,,,,,,,,,,,
,,,https://www.nottingham.ac.uk/ugstudy/course/Biochemistry-BSc,,,,,,,,,,,,,,,,,,,,,,,,,,,,,,,,,,,,,,,,,,,,,,,,
,,,https://www.nottingham.ac.uk/ugstudy/course/Biochemistry-and-Genetics-MSci,,,,,,,,,,,,,,,,,,,,,,,,,,,,,,,,,,,,,,,,,,,,,,,,
,,,https://www.nottingham.ac.uk/ugstudy/course/Biochemistry-and-Genetics-BSc,,,,,,,,,,,,,,,,,,,,,,,,,,,,,,,,,,,,,,,,,,,,,,,,
,,,https://www.nottingham.ac.uk/ugstudy/course/Biology-BSc,,,,,,,,,,,,,,,,,,,,,,,,,,,,,,,,,,,,,,,,,,,,,,,,
,,,https://www.nottingham.ac.uk/ugstudy/course/Biblical-Studies-and-Theology-BA,,,,,,,,,,,,,,,,,,,,,,,,,,,,,,,,,,,,,,,,,,,,,,,,
,,,https://www.nottingham.ac.uk/cele/presessional/index.aspx,,,,,,,,,,,,,,,,,,,,,,,,,,,,,,,,,,,,,,,,,,,,,,,,
,,,https://www.nottingham.ac.uk/cele/presessional/which-course/english-unconditional.aspx,,,,,,,,,,,,,,,,,,,,,,,,,,,,,,,,,,,,,,,,,,,,,,,,
,,,https://www.nottingham.ac.uk/pgstudy/course/research/veterinary-medicine-dvetmed-dvetsurg,,,,,,,,,,,,,,,,,,,,,,,,,,,,,,,,,,,,,,,,,,,,,,,,
,,,https://www.nottingham.ac.uk/pgstudy/course/research/veterinary-medicine-mvm-mvs,,,,,,,,,,,,,,,,,,,,,,,,,,,,,,,,,,,,,,,,,,,,,,,,
,,,https://www.nottingham.ac.uk/pgstudy/course/research/visual-culture-mres,,,,,,,,,,,,,,,,,,,,,,,,,,,,,,,,,,,,,,,,,,,,,,,,
,,,https://www.nottingham.ac.uk/pgstudy/course/research/veterinary-medicine-mres,,,,,,,,,,,,,,,,,,,,,,,,,,,,,,,,,,,,,,,,,,,,,,,,
,,,https://www.nottingham.ac.uk/pgstudy/course/research/veterinary-medicine-and-science-phd,,,,,,,,,,,,,,,,,,,,,,,,,,,,,,,,,,,,,,,,,,,,,,,,
,,,https://www.nottingham.ac.uk/pgstudy/course/research/theology-mres,,,,,,,,,,,,,,,,,,,,,,,,,,,,,,,,,,,,,,,,,,,,,,,,
,,,https://www.nottingham.ac.uk/pgstudy/course/research/theology-and-religious-studies-phd,,,,,,,,,,,,,,,,,,,,,,,,,,,,,,,,,,,,,,,,,,,,,,,,
,,,https://www.nottingham.ac.uk/pgstudy/course/research/translation-studies-phd,,,,,,,,,,,,,,,,,,,,,,,,,,,,,,,,,,,,,,,,,,,,,,,,
,,,https://www.nottingham.ac.uk/pgstudy/course/research/synthetic-biology-and-biotechnology-phd,,,,,,,,,,,,,,,,,,,,,,,,,,,,,,,,,,,,,,,,,,,,,,,,
,,,https://www.nottingham.ac.uk/pgstudy/course/research/sustainable-energy-technology-phd,,,,,,,,,,,,,,,,,,,,,,,,,,,,,,,,,,,,,,,,,,,,,,,,
,,,https://www.nottingham.ac.uk/pgstudy/course/research/sociology-and-social-policy-phd,,,,,,,,,,,,,,,,,,,,,,,,,,,,,,,,,,,,,,,,,,,,,,,,
,,,https://www.nottingham.ac.uk/pgstudy/course/research/theology-and-religious-studies-mphil,,,,,,,,,,,,,,,,,,,,,,,,,,,,,,,,,,,,,,,,,,,,,,,,
,,,https://www.nottingham.ac.uk/pgstudy/course/research/sustainable-hydrogen-cdt-phd,,,,,,,,,,,,,,,,,,,,,,,,,,,,,,,,,,,,,,,,,,,,,,,,
,,,https://www.nottingham.ac.uk/pgstudy/course/research/sensory-science-mres,,,,,,,,,,,,,,,,,,,,,,,,,,,,,,,,,,,,,,,,,,,,,,,,
,,,https://www.nottingham.ac.uk/pgstudy/course/research/social-science-research-methodology-phd,,,,,,,,,,,,,,,,,,,,,,,,,,,,,,,,,,,,,,,,,,,,,,,,
,,,https://www.nottingham.ac.uk/pgstudy/course/research/respiratory-medicine-phd,,,,,,,,,,,,,,,,,,,,,,,,,,,,,,,,,,,,,,,,,,,,,,,,
,,,https://www.nottingham.ac.uk/pgstudy/course/research/rehabilitation-ageing-wellbeing-phd,,,,,,,,,,,,,,,,,,,,,,,,,,,,,,,,,,,,,,,,,,,,,,,,
,,,https://www.nottingham.ac.uk/pgstudy/course/research/religious-studies-mres,,,,,,,,,,,,,,,,,,,,,,,,,,,,,,,,,,,,,,,,,,,,,,,,
,,,https://www.nottingham.ac.uk/pgstudy/course/research/russian-and-slavonic-studies-phd,,,,,,,,,,,,,,,,,,,,,,,,,,,,,,,,,,,,,,,,,,,,,,,,
,,,https://www.nottingham.ac.uk/pgstudy/course/research/rheumatology-orthopaedics-dermatology-phd,,,,,,,,,,,,,,,,,,,,,,,,,,,,,,,,,,,,,,,,,,,,,,,,
,,,https://www.nottingham.ac.uk/pgstudy/course/research/psychology-phd,,,,,,,,,,,,,,,,,,,,,,,,,,,,,,,,,,,,,,,,,,,,,,,,
,,,https://www.nottingham.ac.uk/pgstudy/course/research/psychiatry-and-applied-psychology-phd,,,,,,,,,,,,,,,,,,,,,,,,,,,,,,,,,,,,,,,,,,,,,,,,
,,,https://www.nottingham.ac.uk/pgstudy/course/research/psychology-applied-educational-psychology-doctorate-dappedpsy,,,,,,,,,,,,,,,,,,,,,,,,,,,,,,,,,,,,,,,,,,,,,,,,
,,,https://www.nottingham.ac.uk/pgstudy/course/research/professional-doctorate-in-education-edd,,,,,,,,,,,,,,,,,,,,,,,,,,,,,,,,,,,,,,,,,,,,,,,,
,,,https://www.nottingham.ac.uk/pgstudy/course/research/politics-and-international-relations-phd,,,,,,,,,,,,,,,,,,,,,,,,,,,,,,,,,,,,,,,,,,,,,,,,
,,,https://www.nottingham.ac.uk/pgstudy/course/research/primary-care-phd,,,,,,,,,,,,,,,,,,,,,,,,,,,,,,,,,,,,,,,,,,,,,,,,
,,,https://www.nottingham.ac.uk/pgstudy/course/research/politics-and-international-relations-mres,,,,,,,,,,,,,,,,,,,,,,,,,,,,,,,,,,,,,,,,,,,,,,,,
,,,https://www.nottingham.ac.uk/pgstudy/course/research/plant-and-crop-sciences-phd,,,,,,,,,,,,,,,,,,,,,,,,,,,,,,,,,,,,,,,,,,,,,,,,
,,,https://www.nottingham.ac.uk/pgstudy/course/research/portuguese-and-lusophone-studies-phd,,,,,,,,,,,,,,,,,,,,,,,,,,,,,,,,,,,,,,,,,,,,,,,,
,,,https://www.nottingham.ac.uk/pgstudy/course/research/physiotherapy-phd,,,,,,,,,,,,,,,,,,,,,,,,,,,,,,,,,,,,,,,,,,,,,,,,
,,,https://www.nottingham.ac.uk/pgstudy/course/research/philosophy-phd,,,,,,,,,,,,,,,,,,,,,,,,,,,,,,,,,,,,,,,,,,,,,,,,
,,,https://www.nottingham.ac.uk/pgstudy/course/research/pharmacy-phd,,,,,,,,,,,,,,,,,,,,,,,,,,,,,,,,,,,,,,,,,,,,,,,,
,,,https://www.nottingham.ac.uk/pgstudy/course/research/physics-phd,,,,,,,,,,,,,,,,,,,,,,,,,,,,,,,,,,,,,,,,,,,,,,,,
,,,https://www.nottingham.ac.uk/pgstudy/course/research/nutritional-sciences-phd,,,,,,,,,,,,,,,,,,,,,,,,,,,,,,,,,,,,,,,,,,,,,,,,
,,,https://www.nottingham.ac.uk/pgstudy/course/research/neuroscience-neuropathology-phd,,,,,,,,,,,,,,,,,,,,,,,,,,,,,,,,,,,,,,,,,,,,,,,,
,,,https://www.nottingham.ac.uk/pgstudy/course/research/nursing-studies-phd,,,,,,,,,,,,,,,,,,,,,,,,,,,,,,,,,,,,,,,,,,,,,,,,
,,,https://www.nottingham.ac.uk/pgstudy/course/research/non-destructive-evaluation-engd,,,,,,,,,,,,,,,,,,,,,,,,,,,,,,,,,,,,,,,,,,,,,,,,
,,,https://www.nottingham.ac.uk/pgstudy/course/research/pharmacology-and-drug-discovery-phd,,,,,,,,,,,,,,,,,,,,,,,,,,,,,,,,,,,,,,,,,,,,,,,,
,,,https://www.nottingham.ac.uk/pgstudy/course/research/music-mres,,,,,,,,,,,,,,,,,,,,,,,,,,,,,,,,,,,,,,,,,,,,,,,,
,,,https://www.nottingham.ac.uk/pgstudy/course/research/musicology-phd,,,,,,,,,,,,,,,,,,,,,,,,,,,,,,,,,,,,,,,,,,,,,,,,
,,,https://www.nottingham.ac.uk/pgstudy/course/research/music-performance-phd,,,,,,,,,,,,,,,,,,,,,,,,,,,,,,,,,,,,,,,,,,,,,,,,
,,,https://www.nottingham.ac.uk/pgstudy/course/research/music-composition-phd,,,,,,,,,,,,,,,,,,,,,,,,,,,,,,,,,,,,,,,,,,,,,,,,
,,,https://www.nottingham.ac.uk/pgstudy/course/research/midwifery-phd,,,,,,,,,,,,,,,,,,,,,,,,,,,,,,,,,,,,,,,,,,,,,,,,
,,,https://www.nottingham.ac.uk/pgstudy/course/research/microbiology-phd,,,,,,,,,,,,,,,,,,,,,,,,,,,,,,,,,,,,,,,,,,,,,,,,
,,,https://www.nottingham.ac.uk/pgstudy/course/research/modern-languages-mres,,,,,,,,,,,,,,,,,,,,,,,,,,,,,,,,,,,,,,,,,,,,,,,,
,,,https://www.nottingham.ac.uk/pgstudy/course/research/medical-sciences-phd,,,,,,,,,,,,,,,,,,,,,,,,,,,,,,,,,,,,,,,,,,,,,,,,
,,,https://www.nottingham.ac.uk/pgstudy/course/research/medicine-phd,,,,,,,,,,,,,,,,,,,,,,,,,,,,,,,,,,,,,,,,,,,,,,,,
,,,https://www.nottingham.ac.uk/pgstudy/course/research/molecular-biology-and-biochemistry-phd,,,,,,,,,,,,,,,,,,,,,,,,,,,,,,,,,,,,,,,,,,,,,,,,
,,,https://www.nottingham.ac.uk/pgstudy/course/research/medieval-languages-literatures-mres,,,,,,,,,,,,,,,,,,,,,,,,,,,,,,,,,,,,,,,,,,,,,,,,
,,,https://www.nottingham.ac.uk/pgstudy/course/research/mathematics-phd,,,,,,,,,,,,,,,,,,,,,,,,,,,,,,,,,,,,,,,,,,,,,,,,
,,,https://www.nottingham.ac.uk/pgstudy/course/research/mechanical-engineering-phd,,,,,,,,,,,,,,,,,,,,,,,,,,,,,,,,,,,,,,,,,,,,,,,,
,,,https://www.nottingham.ac.uk/pgstudy/course/research/manufacturing-engineering-phd,,,,,,,,,,,,,,,,,,,,,,,,,,,,,,,,,,,,,,,,,,,,,,,,
,,,https://www.nottingham.ac.uk/pgstudy/course/research/law-phd,,,,,,,,,,,,,,,,,,,,,,,,,,,,,,,,,,,,,,,,,,,,,,,,
,,,https://www.nottingham.ac.uk/pgstudy/course/research/materials-engineering-and-material-design-phd,,,,,,,,,,,,,,,,,,,,,,,,,,,,,,,,,,,,,,,,,,,,,,,,
,,,https://www.nottingham.ac.uk/pgstudy/course/research/infections-and-immunology-phd,,,,,,,,,,,,,,,,,,,,,,,,,,,,,,,,,,,,,,,,,,,,,,,,
,,,https://www.nottingham.ac.uk/pgstudy/course/research/industrial-physical-biochemistry-mres,,,,,,,,,,,,,,,,,,,,,,,,,,,,,,,,,,,,,,,,,,,,,,,,
,,,https://www.nottingham.ac.uk/pgstudy/course/research/hydrogen-fuel-cells-and-their-applications-phd,,,,,,,,,,,,,,,,,,,,,,,,,,,,,,,,,,,,,,,,,,,,,,,,
,,,https://www.nottingham.ac.uk/pgstudy/course/research/linguistics-modern-languages-phd,,,,,,,,,,,,,,,,,,,,,,,,,,,,,,,,,,,,,,,,,,,,,,,,
,,,https://www.nottingham.ac.uk/pgstudy/course/research/human-factors-phd,,,,,,,,,,,,,,,,,,,,,,,,,,,,,,,,,,,,,,,,,,,,,,,,
,,,https://www.nottingham.ac.uk/pgstudy/course/research/health-sciences-phd,,,,,,,,,,,,,,,,,,,,,,,,,,,,,,,,,,,,,,,,,,,,,,,,
,,,https://www.nottingham.ac.uk/pgstudy/course/research/geography-phd,,,,,,,,,,,,,,,,,,,,,,,,,,,,,,,,,,,,,,,,,,,,,,,,
,,,https://www.nottingham.ac.uk/pgstudy/course/research/history-phd,,,,,,,,,,,,,,,,,,,,,,,,,,,,,,,,,,,,,,,,,,,,,,,,
,,,https://www.nottingham.ac.uk/pgstudy/course/research/hispanic-and-latin-american-studies-phd,,,,,,,,,,,,,,,,,,,,,,,,,,,,,,,,,,,,,,,,,,,,,,,,
,,,https://www.nottingham.ac.uk/pgstudy/course/research/geography-mres,,,,,,,,,,,,,,,,,,,,,,,,,,,,,,,,,,,,,,,,,,,,,,,,
,,,https://www.nottingham.ac.uk/pgstudy/course/research/german-phd,,,,,,,,,,,,,,,,,,,,,,,,,,,,,,,,,,,,,,,,,,,,,,,,
,,,https://www.nottingham.ac.uk/pgstudy/course/research/genetics-and-genomics-phd,,,,,,,,,,,,,,,,,,,,,,,,,,,,,,,,,,,,,,,,,,,,,,,,
,,,https://www.nottingham.ac.uk/pgstudy/course/research/forensic-psychology-dforenpsy,,,,,,,,,,,,,,,,,,,,,,,,,,,,,,,,,,,,,,,,,,,,,,,,
,,,https://www.nottingham.ac.uk/pgstudy/course/research/food-sciences-phd,,,,,,,,,,,,,,,,,,,,,,,,,,,,,,,,,,,,,,,,,,,,,,,,
,,,https://www.nottingham.ac.uk/pgstudy/course/research/french-phd,,,,,,,,,,,,,,,,,,,,,,,,,,,,,,,,,,,,,,,,,,,,,,,,
,,,https://www.nottingham.ac.uk/pgstudy/course/research/environmental-sciences-phd,,,,,,,,,,,,,,,,,,,,,,,,,,,,,,,,,,,,,,,,,,,,,,,,
,,,https://www.nottingham.ac.uk/pgstudy/course/research/resilient-decarbonised-fuel-energy-systems-cdt-engd,,,,,,,,,,,,,,,,,,,,,,,,,,,,,,,,,,,,,,,,,,,,,,,,
,,,https://www.nottingham.ac.uk/pgstudy/course/research/epidemiology-and-public-health-phd,,,,,,,,,,,,,,,,,,,,,,,,,,,,,,,,,,,,,,,,,,,,,,,,
,,,https://www.nottingham.ac.uk/pgstudy/course/research/film-and-television-studies-phd,,,,,,,,,,,,,,,,,,,,,,,,,,,,,,,,,,,,,,,,,,,,,,,,
,,,https://www.nottingham.ac.uk/pgstudy/course/research/film-and-television-studies-mres,,,,,,,,,,,,,,,,,,,,,,,,,,,,,,,,,,,,,,,,,,,,,,,,
,,,https://www.nottingham.ac.uk/pgstudy/course/research/environmental-engineering-phd,,,,,,,,,,,,,,,,,,,,,,,,,,,,,,,,,,,,,,,,,,,,,,,,
,,,https://www.nottingham.ac.uk/pgstudy/course/research/english-phd,,,,,,,,,,,,,,,,,,,,,,,,,,,,,,,,,,,,,,,,,,,,,,,,
,,,https://www.nottingham.ac.uk/pgstudy/course/research/engineering-surveying-and-space-geodesy-phd,,,,,,,,,,,,,,,,,,,,,,,,,,,,,,,,,,,,,,,,,,,,,,,,
,,,https://www.nottingham.ac.uk/pgstudy/course/research/electrical-and-electronic-engineering-phd,,,,,,,,,,,,,,,,,,,,,,,,,,,,,,,,,,,,,,,,,,,,,,,,
,,,https://www.nottingham.ac.uk/pgstudy/course/research/education-phd,,,,,,,,,,,,,,,,,,,,,,,,,,,,,,,,,,,,,,,,,,,,,,,,
,,,https://www.nottingham.ac.uk/pgstudy/course/research/economics-mres-phd,,,,,,,,,,,,,,,,,,,,,,,,,,,,,,,,,,,,,,,,,,,,,,,,
,,,https://www.nottingham.ac.uk/pgstudy/course/research/doctor-of-public-policy-dpp,,,,,,,,,,,,,,,,,,,,,,,,,,,,,,,,,,,,,,,,,,,,,,,,
,,,https://www.nottingham.ac.uk/pgstudy/course/research/creative-writing-phd,,,,,,,,,,,,,,,,,,,,,,,,,,,,,,,,,,,,,,,,,,,,,,,,
,,,https://www.nottingham.ac.uk/pgstudy/course/research/critical-theory-and-cultural-studies-phd,,,,,,,,,,,,,,,,,,,,,,,,,,,,,,,,,,,,,,,,,,,,,,,,
,,,https://www.nottingham.ac.uk/pgstudy/course/research/doctor-of-public-management-dpm,,,,,,,,,,,,,,,,,,,,,,,,,,,,,,,,,,,,,,,,,,,,,,,,
,,,https://www.nottingham.ac.uk/pgstudy/course/research/cultural-studies-mres,,,,,,,,,,,,,,,,,,,,,,,,,,,,,,,,,,,,,,,,,,,,,,,,
,,,https://www.nottingham.ac.uk/pgstudy/course/research/ecology-evolutionary-biology-phd,,,,,,,,,,,,,,,,,,,,,,,,,,,,,,,,,,,,,,,,,,,,,,,,
,,,https://www.nottingham.ac.uk/pgstudy/course/research/critical-theory-mres,,,,,,,,,,,,,,,,,,,,,,,,,,,,,,,,,,,,,,,,,,,,,,,,
,,,https://www.nottingham.ac.uk/pgstudy/course/research/computer-science-phd,,,,,,,,,,,,,,,,,,,,,,,,,,,,,,,,,,,,,,,,,,,,,,,,
,,,https://www.nottingham.ac.uk/pgstudy/course/research/comparative-literature-phd,,,,,,,,,,,,,,,,,,,,,,,,,,,,,,,,,,,,,,,,,,,,,,,,
,,,https://www.nottingham.ac.uk/pgstudy/course/research/clinical-nutrition-phd,,,,,,,,,,,,,,,,,,,,,,,,,,,,,,,,,,,,,,,,,,,,,,,,
,,,https://www.nottingham.ac.uk/pgstudy/course/research/clinical-neuroscience-phd,,,,,,,,,,,,,,,,,,,,,,,,,,,,,,,,,,,,,,,,,,,,,,,,
,,,https://www.nottingham.ac.uk/pgstudy/course/research/civil-engineering-phd,,,,,,,,,,,,,,,,,,,,,,,,,,,,,,,,,,,,,,,,,,,,,,,,
,,,https://www.nottingham.ac.uk/pgstudy/course/research/chemistry-phd,,,,,,,,,,,,,,,,,,,,,,,,,,,,,,,,,,,,,,,,,,,,,,,,
,,,https://www.nottingham.ac.uk/pgstudy/course/research/classics-phd,,,,,,,,,,,,,,,,,,,,,,,,,,,,,,,,,,,,,,,,,,,,,,,,
,,,https://www.nottingham.ac.uk/pgstudy/course/research/child-health-obstetrics-and-gynaecology-phd,,,,,,,,,,,,,,,,,,,,,,,,,,,,,,,,,,,,,,,,,,,,,,,,
,,,https://www.nottingham.ac.uk/pgstudy/course/research/chemical-engineering-phd,,,,,,,,,,,,,,,,,,,,,,,,,,,,,,,,,,,,,,,,,,,,,,,,
,,,https://www.nottingham.ac.uk/pgstudy/course/research/cellular-developmental-biology-phd,,,,,,,,,,,,,,,,,,,,,,,,,,,,,,,,,,,,,,,,,,,,,,,,
,,,https://www.nottingham.ac.uk/pgstudy/course/research/business-phd,,,,,,,,,,,,,,,,,,,,,,,,,,,,,,,,,,,,,,,,,,,,,,,,
,,,https://www.nottingham.ac.uk/pgstudy/course/research/cancer-and-stem-cells-phd,,,,,,,,,,,,,,,,,,,,,,,,,,,,,,,,,,,,,,,,,,,,,,,,
,,,https://www.nottingham.ac.uk/pgstudy/course/research/canadian-studies-phd,,,,,,,,,,,,,,,,,,,,,,,,,,,,,,,,,,,,,,,,,,,,,,,,
,,,https://www.nottingham.ac.uk/pgstudy/course/research/building-technology-phd,,,,,,,,,,,,,,,,,,,,,,,,,,,,,,,,,,,,,,,,,,,,,,,,
,,,https://www.nottingham.ac.uk/pgstudy/course/research/canadian-studies-mres,,,,,,,,,,,,,,,,,,,,,,,,,,,,,,,,,,,,,,,,,,,,,,,,
,,,https://www.nottingham.ac.uk/pgstudy/course/research/brewing-science-phd,,,,,,,,,,,,,,,,,,,,,,,,,,,,,,,,,,,,,,,,,,,,,,,,
,,,https://www.nottingham.ac.uk/pgstudy/course/research/biosciences-phd,,,,,,,,,,,,,,,,,,,,,,,,,,,,,,,,,,,,,,,,,,,,,,,,
,,,https://www.nottingham.ac.uk/pgstudy/course/research/bioethics-phd,,,,,,,,,,,,,,,,,,,,,,,,,,,,,,,,,,,,,,,,,,,,,,,,
,,,https://www.nottingham.ac.uk/pgstudy/course/research/black-studies-phd,,,,,,,,,,,,,,,,,,,,,,,,,,,,,,,,,,,,,,,,,,,,,,,,
,,,https://www.nottingham.ac.uk/pgstudy/course/research/art-history-phd,,,,,,,,,,,,,,,,,,,,,,,,,,,,,,,,,,,,,,,,,,,,,,,,
,,,https://www.nottingham.ac.uk/pgstudy/course/research/art-history-mres,,,,,,,,,,,,,,,,,,,,,,,,,,,,,,,,,,,,,,,,,,,,,,,,
,,,https://www.nottingham.ac.uk/pgstudy/course/research/architecture-social-science-phd,,,,,,,,,,,,,,,,,,,,,,,,,,,,,,,,,,,,,,,,,,,,,,,,
,,,https://www.nottingham.ac.uk/pgstudy/course/research/architecture-design-social-science-phd,,,,,,,,,,,,,,,,,,,,,,,,,,,,,,,,,,,,,,,,,,,,,,,,
,,,https://www.nottingham.ac.uk/pgstudy/course/research/architecture-science-phd,,,,,,,,,,,,,,,,,,,,,,,,,,,,,,,,,,,,,,,,,,,,,,,,
,,,https://www.nottingham.ac.uk/pgstudy/course/research/archaeology-mres,,,,,,,,,,,,,,,,,,,,,,,,,,,,,,,,,,,,,,,,,,,,,,,,
,,,https://www.nottingham.ac.uk/pgstudy/course/research/applied-linguistics-with-teaching-phd,,,,,,,,,,,,,,,,,,,,,,,,,,,,,,,,,,,,,,,,,,,,,,,,
,,,https://www.nottingham.ac.uk/pgstudy/course/research/archaeology-phd,,,,,,,,,,,,,,,,,,,,,,,,,,,,,,,,,,,,,,,,,,,,,,,,
,,,https://www.nottingham.ac.uk/pgstudy/course/research/animal-sciences-phd,,,,,,,,,,,,,,,,,,,,,,,,,,,,,,,,,,,,,,,,,,,,,,,,
,,,https://www.nottingham.ac.uk/pgstudy/course/research/applied-linguistics-phd,,,,,,,,,,,,,,,,,,,,,,,,,,,,,,,,,,,,,,,,,,,,,,,,
,,,https://www.nottingham.ac.uk/pgstudy/course/research/archaeological-science-mres,,,,,,,,,,,,,,,,,,,,,,,,,,,,,,,,,,,,,,,,,,,,,,,,
,,,https://www.nottingham.ac.uk/pgstudy/course/research/anatomy-physiology-nutrition-phd,,,,,,,,,,,,,,,,,,,,,,,,,,,,,,,,,,,,,,,,,,,,,,,,
,,,https://www.nottingham.ac.uk/pgstudy/course/research/american-studies-phd,,,,,,,,,,,,,,,,,,,,,,,,,,,,,,,,,,,,,,,,,,,,,,,,
,,,https://www.nottingham.ac.uk/pgstudy/course/research/american-and-canadian-studies-mres,,,,,,,,,,,,,,,,,,,,,,,,,,,,,,,,,,,,,,,,,,,,,,,,
,,,https://www.nottingham.ac.uk/pgstudy/course/research/agricultural-systems-management-phd,,,,,,,,,,,,,,,,,,,,,,,,,,,,,,,,,,,,,,,,,,,,,,,,
,,,https://www.nottingham.ac.uk/pgstudy/course/research/additive-manufacturing-and-3d-printing-centre-for-doctoral-training-phd,,,,,,,,,,,,,,,,,,,,,,,,,,,,,,,,,,,,,,,,,,,,,,,,
,,,https://www.nottingham.ac.uk/pgstudy/course/research/american-and-canadian-studies-phd,,,,,,,,,,,,,,,,,,,,,,,,,,,,,,,,,,,,,,,,,,,,,,,,
,,,https://www.nottingham.ac.uk/pgstudy/course/taught/veterinary-physiotherapy-msc,,,,,,,,,,,,,,,,,,,,,,,,,,,,,,,,,,,,,,,,,,,,,,,,
,,,https://www.nottingham.ac.uk/pgstudy/course/taught/usability-and-human-computer-interaction-pgcert,,,,,,,,,,,,,,,,,,,,,,,,,,,,,,,,,,,,,,,,,,,,,,,,
,,,https://www.nottingham.ac.uk/pgstudy/course/taught/work-and-organisational-psychology-msc,,,,,,,,,,,,,,,,,,,,,,,,,,,,,,,,,,,,,,,,,,,,,,,,
,,,https://www.nottingham.ac.uk/pgstudy/course/taught/viking-and-early-medieval-english-studies-ma,,,,,,,,,,,,,,,,,,,,,,,,,,,,,,,,,,,,,,,,,,,,,,,,
,,,https://www.nottingham.ac.uk/pgstudy/course/taught/workplace-health-and-wellbeing-msc,,,,,,,,,,,,,,,,,,,,,,,,,,,,,,,,,,,,,,,,,,,,,,,,
,,,https://www.nottingham.ac.uk/pgstudy/course/taught/trauma-informed-practice-ma,,,,,,,,,,,,,,,,,,,,,,,,,,,,,,,,,,,,,,,,,,,,,,,,
,,,https://www.nottingham.ac.uk/pgstudy/course/taught/translation-studies-ma,,,,,,,,,,,,,,,,,,,,,,,,,,,,,,,,,,,,,,,,,,,,,,,,
,,,https://www.nottingham.ac.uk/pgstudy/course/taught/systematic-and-philosophical-theology-distance-learning-ma,,,,,,,,,,,,,,,,,,,,,,,,,,,,,,,,,,,,,,,,,,,,,,,,
,,,https://www.nottingham.ac.uk/pgstudy/course/taught/transport-infrastructure-engineering-msc,,,,,,,,,,,,,,,,,,,,,,,,,,,,,,,,,,,,,,,,,,,,,,,,
,,,https://www.nottingham.ac.uk/pgstudy/course/taught/teaching-chinese-to-speakers-of-other-languages-tcsol-ma,,,,,,,,,,,,,,,,,,,,,,,,,,,,,,,,,,,,,,,,,,,,,,,,
,,,https://www.nottingham.ac.uk/pgstudy/course/taught/sustainable-urban-design-march,,,,,,,,,,,,,,,,,,,,,,,,,,,,,,,,,,,,,,,,,,,,,,,,
,,,https://www.nottingham.ac.uk/pgstudy/course/taught/teaching-english-to-speakers-of-other-languages-tesol-ma,,,,,,,,,,,,,,,,,,,,,,,,,,,,,,,,,,,,,,,,,,,,,,,,
,,,https://www.nottingham.ac.uk/pgstudy/course/taught/teaching-english-to-speakers-of-other-languages-tesol-distance-learning-ma,,,,,,,,,,,,,,,,,,,,,,,,,,,,,,,,,,,,,,,,,,,,,,,,
,,,https://www.nottingham.ac.uk/pgstudy/course/taught/sustainable-transportation-and-electrical-power-systems-erasmus-mundus-msc,,,,,,,,,,,,,,,,,,,,,,,,,,,,,,,,,,,,,,,,,,,,,,,,
,,,https://www.nottingham.ac.uk/pgstudy/course/taught/sustainable-energy-and-entrepreneurship-msc,,,,,,,,,,,,,,,,,,,,,,,,,,,,,,,,,,,,,,,,,,,,,,,,
,,,https://www.nottingham.ac.uk/pgstudy/course/taught/sustainable-energy-engineering-msc,,,,,,,,,,,,,,,,,,,,,,,,,,,,,,,,,,,,,,,,,,,,,,,,
,,,https://www.nottingham.ac.uk/pgstudy/course/taught/sustainable-building-technology-collaborative-msc,,,,,,,,,,,,,,,,,,,,,,,,,,,,,,,,,,,,,,,,,,,,,,,,
,,,https://www.nottingham.ac.uk/pgstudy/course/taught/supply-chain-and-operations-management-msc,,,,,,,,,,,,,,,,,,,,,,,,,,,,,,,,,,,,,,,,,,,,,,,,
,,,https://www.nottingham.ac.uk/pgstudy/course/taught/sustainable-building-technology-msc,,,,,,,,,,,,,,,,,,,,,,,,,,,,,,,,,,,,,,,,,,,,,,,,
,,,https://www.nottingham.ac.uk/pgstudy/course/taught/structural-engineering-msc,,,,,,,,,,,,,,,,,,,,,,,,,,,,,,,,,,,,,,,,,,,,,,,,
,,,https://www.nottingham.ac.uk/pgstudy/course/taught/stem-cell-technology-and-regenerative-medicine-msc,,,,,,,,,,,,,,,,,,,,,,,,,,,,,,,,,,,,,,,,,,,,,,,,
,,,https://www.nottingham.ac.uk/pgstudy/course/taught/statistics-msc,,,,,,,,,,,,,,,,,,,,,,,,,,,,,,,,,,,,,,,,,,,,,,,,
,,,https://www.nottingham.ac.uk/pgstudy/course/taught/sports-and-exercise-medicine-msc,,,,,,,,,,,,,,,,,,,,,,,,,,,,,,,,,,,,,,,,,,,,,,,,
,,,https://www.nottingham.ac.uk/pgstudy/course/taught/statistics-and-applied-probability-msc,,,,,,,,,,,,,,,,,,,,,,,,,,,,,,,,,,,,,,,,,,,,,,,,
,,,https://www.nottingham.ac.uk/pgstudy/course/taught/social-work-ma,,,,,,,,,,,,,,,,,,,,,,,,,,,,,,,,,,,,,,,,,,,,,,,,
,,,https://www.nottingham.ac.uk/pgstudy/course/taught/social-science-research-sociology-ma,,,,,,,,,,,,,,,,,,,,,,,,,,,,,,,,,,,,,,,,,,,,,,,,
,,,https://www.nottingham.ac.uk/pgstudy/course/taught/special-and-inclusive-education-distance-learning-ma,,,,,,,,,,,,,,,,,,,,,,,,,,,,,,,,,,,,,,,,,,,,,,,,
,,,https://www.nottingham.ac.uk/pgstudy/course/taught/special-and-inclusive-education-ma,,,,,,,,,,,,,,,,,,,,,,,,,,,,,,,,,,,,,,,,,,,,,,,,
,,,https://www.nottingham.ac.uk/pgstudy/course/taught/social-science-research-social-policy-and-social-work-ma,,,,,,,,,,,,,,,,,,,,,,,,,,,,,,,,,,,,,,,,,,,,,,,,
,,,https://www.nottingham.ac.uk/pgstudy/course/taught/social-science-research-socio-legal-studies-ma,,,,,,,,,,,,,,,,,,,,,,,,,,,,,,,,,,,,,,,,,,,,,,,,
,,,https://www.nottingham.ac.uk/pgstudy/course/taught/social-science-research-political-science-and-international-relations-ma,,,,,,,,,,,,,,,,,,,,,,,,,,,,,,,,,,,,,,,,,,,,,,,,
,,,https://www.nottingham.ac.uk/pgstudy/course/taught/renewable-energy-and-architecture-msc,,,,,,,,,,,,,,,,,,,,,,,,,,,,,,,,,,,,,,,,,,,,,,,,
,,,https://www.nottingham.ac.uk/pgstudy/course/taught/secondary-pgce,,,,,,,,,,,,,,,,,,,,,,,,,,,,,,,,,,,,,,,,,,,,,,,,
,,,https://www.nottingham.ac.uk/pgstudy/course/taught/secondary-pgce-school-direct,,,,,,,,,,,,,,,,,,,,,,,,,,,,,,,,,,,,,,,,,,,,,,,,
,,,https://www.nottingham.ac.uk/pgstudy/course/taught/research-methods-health-ma,,,,,,,,,,,,,,,,,,,,,,,,,,,,,,,,,,,,,,,,,,,,,,,,
,,,https://www.nottingham.ac.uk/pgstudy/course/taught/risk-management-msc,,,,,,,,,,,,,,,,,,,,,,,,,,,,,,,,,,,,,,,,,,,,,,,,
,,,https://www.nottingham.ac.uk/pgstudy/course/taught/quality-and-patient-safety-improvement-msc,,,,,,,,,,,,,,,,,,,,,,,,,,,,,,,,,,,,,,,,,,,,,,,,
,,,https://www.nottingham.ac.uk/pgstudy/course/taught/rehabilitation-psychology-msc,,,,,,,,,,,,,,,,,,,,,,,,,,,,,,,,,,,,,,,,,,,,,,,,
,,,https://www.nottingham.ac.uk/pgstudy/course/taught/public-policy-ma,,,,,,,,,,,,,,,,,,,,,,,,,,,,,,,,,,,,,,,,,,,,,,,,
,,,https://www.nottingham.ac.uk/pgstudy/course/taught/pure-mathematics-msc,,,,,,,,,,,,,,,,,,,,,,,,,,,,,,,,,,,,,,,,,,,,,,,,
,,,https://www.nottingham.ac.uk/pgstudy/course/taught/public-international-law-llm,,,,,,,,,,,,,,,,,,,,,,,,,,,,,,,,,,,,,,,,,,,,,,,,
,,,https://www.nottingham.ac.uk/pgstudy/course/taught/professional-practice-in-architecture-pgcert-arb-riba-part-3,,,,,,,,,,,,,,,,,,,,,,,,,,,,,,,,,,,,,,,,,,,,,,,,
,,,https://www.nottingham.ac.uk/pgstudy/course/taught/public-procurement-law-and-policy-llm,,,,,,,,,,,,,,,,,,,,,,,,,,,,,,,,,,,,,,,,,,,,,,,,
,,,https://www.nottingham.ac.uk/pgstudy/course/taught/psychology-conversion-msc,,,,,,,,,,,,,,,,,,,,,,,,,,,,,,,,,,,,,,,,,,,,,,,,
,,,https://www.nottingham.ac.uk/pgstudy/course/taught/professional-communication-by-web-based-distance-learning-ma,,,,,,,,,,,,,,,,,,,,,,,,,,,,,,,,,,,,,,,,,,,,,,,,
,,,https://www.nottingham.ac.uk/pgstudy/course/taught/primary-pgce,,,,,,,,,,,,,,,,,,,,,,,,,,,,,,,,,,,,,,,,,,,,,,,,
,,,https://www.nottingham.ac.uk/pgstudy/course/taught/primary-pgce-school-direct,,,,,,,,,,,,,,,,,,,,,,,,,,,,,,,,,,,,,,,,,,,,,,,,
,,,https://www.nottingham.ac.uk/pgstudy/course/taught/power-electronics-and-drives-msc,,,,,,,,,,,,,,,,,,,,,,,,,,,,,,,,,,,,,,,,,,,,,,,,
,,,https://www.nottingham.ac.uk/pgstudy/course/taught/postgraduate-certificate-education-international-pgcei,,,,,,,,,,,,,,,,,,,,,,,,,,,,,,,,,,,,,,,,,,,,,,,,
,,,https://www.nottingham.ac.uk/pgstudy/course/taught/politics-and-contemporary-history-ma,,,,,,,,,,,,,,,,,,,,,,,,,,,,,,,,,,,,,,,,,,,,,,,,
,,,https://www.nottingham.ac.uk/pgstudy/course/taught/philosophy-ma,,,,,,,,,,,,,,,,,,,,,,,,,,,,,,,,,,,,,,,,,,,,,,,,
,,,https://www.nottingham.ac.uk/pgstudy/course/taught/person-centred-experiential-counselling-and-psychotherapy-practice-ma,,,,,,,,,,,,,,,,,,,,,,,,,,,,,,,,,,,,,,,,,,,,,,,,
,,,https://www.nottingham.ac.uk/pgstudy/course/taught/occupational-psychology-msc,,,,,,,,,,,,,,,,,,,,,,,,,,,,,,,,,,,,,,,,,,,,,,,,
,,,https://www.nottingham.ac.uk/pgstudy/course/taught/oncology-msc,,,,,,,,,,,,,,,,,,,,,,,,,,,,,,,,,,,,,,,,,,,,,,,,
,,,https://www.nottingham.ac.uk/pgstudy/course/taught/nutritional-sciences-msc,,,,,,,,,,,,,,,,,,,,,,,,,,,,,,,,,,,,,,,,,,,,,,,,
,,,https://www.nottingham.ac.uk/pgstudy/course/taught/molecular-genetics-and-diagnostics-msc,,,,,,,,,,,,,,,,,,,,,,,,,,,,,,,,,,,,,,,,,,,,,,,,
,,,https://www.nottingham.ac.uk/pgstudy/course/taught/midwifery-studies-maternal-and-newborn-health-msc,,,,,,,,,,,,,,,,,,,,,,,,,,,,,,,,,,,,,,,,,,,,,,,,
,,,https://www.nottingham.ac.uk/pgstudy/course/taught/modern-english-language-by-web-based-distance-learning-ma,,,,,,,,,,,,,,,,,,,,,,,,,,,,,,,,,,,,,,,,,,,,,,,,
,,,https://www.nottingham.ac.uk/pgstudy/course/taught/microbiology-and-immunology-msc,,,,,,,,,,,,,,,,,,,,,,,,,,,,,,,,,,,,,,,,,,,,,,,,
,,,https://www.nottingham.ac.uk/pgstudy/course/taught/mechanical-engineering-msc,,,,,,,,,,,,,,,,,,,,,,,,,,,,,,,,,,,,,,,,,,,,,,,,
,,,https://www.nottingham.ac.uk/pgstudy/course/taught/medical-education-mmedsci,,,,,,,,,,,,,,,,,,,,,,,,,,,,,,,,,,,,,,,,,,,,,,,,
,,,https://www.nottingham.ac.uk/pgstudy/course/taught/mental-health-research-and-practice-msc,,,,,,,,,,,,,,,,,,,,,,,,,,,,,,,,,,,,,,,,,,,,,,,,
,,,https://www.nottingham.ac.uk/pgstudy/course/taught/master-of-public-administration-mpa,,,,,,,,,,,,,,,,,,,,,,,,,,,,,,,,,,,,,,,,,,,,,,,,
,,,https://www.nottingham.ac.uk/pgstudy/course/taught/public-health-global-mph,,,,,,,,,,,,,,,,,,,,,,,,,,,,,,,,,,,,,,,,,,,,,,,,
,,,https://www.nottingham.ac.uk/pgstudy/course/taught/public-health-mph,,,,,,,,,,,,,,,,,,,,,,,,,,,,,,,,,,,,,,,,,,,,,,,,
,,,https://www.nottingham.ac.uk/pgstudy/course/taught/marketing-msc,,,,,,,,,,,,,,,,,,,,,,,,,,,,,,,,,,,,,,,,,,,,,,,,
,,,https://www.nottingham.ac.uk/pgstudy/course/taught/management-psychology-msc,,,,,,,,,,,,,,,,,,,,,,,,,,,,,,,,,,,,,,,,,,,,,,,,
,,,https://www.nottingham.ac.uk/pgstudy/course/taught/logistics-and-supply-chain-management-msc,,,,,,,,,,,,,,,,,,,,,,,,,,,,,,,,,,,,,,,,,,,,,,,,
,,,https://www.nottingham.ac.uk/pgstudy/course/taught/management-msc,,,,,,,,,,,,,,,,,,,,,,,,,,,,,,,,,,,,,,,,,,,,,,,,
,,,https://www.nottingham.ac.uk/pgstudy/course/taught/machine-learning-in-science-msc,,,,,,,,,,,,,,,,,,,,,,,,,,,,,,,,,,,,,,,,,,,,,,,,
,,,https://www.nottingham.ac.uk/pgstudy/course/taught/literary-linguistics-by-web-based-distance-learning-ma,,,,,,,,,,,,,,,,,,,,,,,,,,,,,,,,,,,,,,,,,,,,,,,,
,,,https://www.nottingham.ac.uk/pgstudy/course/taught/literary-linguistics-ma,,,,,,,,,,,,,,,,,,,,,,,,,,,,,,,,,,,,,,,,,,,,,,,,
,,,https://www.nottingham.ac.uk/pgstudy/course/taught/master-of-laws-llm,,,,,,,,,,,,,,,,,,,,,,,,,,,,,,,,,,,,,,,,,,,,,,,,
,,,https://www.nottingham.ac.uk/pgstudy/course/taught/international-tourism-management-and-marketing-msc,,,,,,,,,,,,,,,,,,,,,,,,,,,,,,,,,,,,,,,,,,,,,,,,
,,,https://www.nottingham.ac.uk/pgstudy/course/taught/international-social-policy-ma,,,,,,,,,,,,,,,,,,,,,,,,,,,,,,,,,,,,,,,,,,,,,,,,
,,,https://www.nottingham.ac.uk/pgstudy/course/taught/international-security-and-terrorism-ma,,,,,,,,,,,,,,,,,,,,,,,,,,,,,,,,,,,,,,,,,,,,,,,,
,,,https://www.nottingham.ac.uk/pgstudy/course/taught/international-relations-ma,,,,,,,,,,,,,,,,,,,,,,,,,,,,,,,,,,,,,,,,,,,,,,,,
,,,https://www.nottingham.ac.uk/pgstudy/course/taught/international-law-and-development-llm,,,,,,,,,,,,,,,,,,,,,,,,,,,,,,,,,,,,,,,,,,,,,,,,
,,,https://www.nottingham.ac.uk/pgstudy/course/taught/international-economics-msc,,,,,,,,,,,,,,,,,,,,,,,,,,,,,,,,,,,,,,,,,,,,,,,,
,,,https://www.nottingham.ac.uk/pgstudy/course/taught/international-criminal-justice-and-armed-conflict-llm,,,,,,,,,,,,,,,,,,,,,,,,,,,,,,,,,,,,,,,,,,,,,,,,
,,,https://www.nottingham.ac.uk/pgstudy/course/taught/international-media-and-communication-studies-ma,,,,,,,,,,,,,,,,,,,,,,,,,,,,,,,,,,,,,,,,,,,,,,,,
,,,https://www.nottingham.ac.uk/pgstudy/course/taught/international-law-llm,,,,,,,,,,,,,,,,,,,,,,,,,,,,,,,,,,,,,,,,,,,,,,,,
,,,https://www.nottingham.ac.uk/pgstudy/course/taught/international-commercial-law-llm,,,,,,,,,,,,,,,,,,,,,,,,,,,,,,,,,,,,,,,,,,,,,,,,
,,,https://www.nottingham.ac.uk/pgstudy/course/taught/information-systems-and-operations-management-msc,,,,,,,,,,,,,,,,,,,,,,,,,,,,,,,,,,,,,,,,,,,,,,,,
,,,https://www.nottingham.ac.uk/pgstudy/course/taught/International-Business-MSc,,,,,,,,,,,,,,,,,,,,,,,,,,,,,,,,,,,,,,,,,,,,,,,,
,,,https://www.nottingham.ac.uk/pgstudy/course/taught/human-resource-management-and-organisation-msc,,,,,,,,,,,,,,,,,,,,,,,,,,,,,,,,,,,,,,,,,,,,,,,,
,,,https://www.nottingham.ac.uk/pgstudy/course/taught/industrial-engineering-and-operations-management-msc,,,,,,,,,,,,,,,,,,,,,,,,,,,,,,,,,,,,,,,,,,,,,,,,
,,,https://www.nottingham.ac.uk/pgstudy/course/taught/human-computer-interaction-msc,,,,,,,,,,,,,,,,,,,,,,,,,,,,,,,,,,,,,,,,,,,,,,,,
,,,https://www.nottingham.ac.uk/pgstudy/course/taught/human-factors-and-ergonomics-msc,,,,,,,,,,,,,,,,,,,,,,,,,,,,,,,,,,,,,,,,,,,,,,,,
,,,https://www.nottingham.ac.uk/pgstudy/course/taught/immunology-and-immunotherapeutics-msc,,,,,,,,,,,,,,,,,,,,,,,,,,,,,,,,,,,,,,,,,,,,,,,,
,,,https://www.nottingham.ac.uk/pgstudy/course/taught/human-rights-law-llm,,,,,,,,,,,,,,,,,,,,,,,,,,,,,,,,,,,,,,,,,,,,,,,,
,,,https://www.nottingham.ac.uk/pgstudy/course/taught/health-communication-by-web-based-distance-learning-ma,,,,,,,,,,,,,,,,,,,,,,,,,,,,,,,,,,,,,,,,,,,,,,,,
,,,https://www.nottingham.ac.uk/pgstudy/course/taught/history-ma,,,,,,,,,,,,,,,,,,,,,,,,,,,,,,,,,,,,,,,,,,,,,,,,
,,,https://www.nottingham.ac.uk/pgstudy/course/taught/health-psychology-msc,,,,,,,,,,,,,,,,,,,,,,,,,,,,,,,,,,,,,,,,,,,,,,,,
,,,https://www.nottingham.ac.uk/pgstudy/course/taught/gravity-particles-and-fields-msc,,,,,,,,,,,,,,,,,,,,,,,,,,,,,,,,,,,,,,,,,,,,,,,,
,,,https://www.nottingham.ac.uk/pgstudy/course/taught/graduate-entry-nursing-learning-disability-msc,,,,,,,,,,,,,,,,,,,,,,,,,,,,,,,,,,,,,,,,,,,,,,,,
,,,https://www.nottingham.ac.uk/pgstudy/course/taught/graduate-entry-nursing-mental-health-msc,,,,,,,,,,,,,,,,,,,,,,,,,,,,,,,,,,,,,,,,,,,,,,,,
,,,https://www.nottingham.ac.uk/pgstudy/course/taught/graduate-entry-nursing-child-msc,,,,,,,,,,,,,,,,,,,,,,,,,,,,,,,,,,,,,,,,,,,,,,,,
,,,https://www.nottingham.ac.uk/pgstudy/course/taught/graduate-entry-nursing-adult-msc,,,,,,,,,,,,,,,,,,,,,,,,,,,,,,,,,,,,,,,,,,,,,,,,
,,,https://www.nottingham.ac.uk/pgstudy/course/taught/financial-economics-msc,,,,,,,,,,,,,,,,,,,,,,,,,,,,,,,,,,,,,,,,,,,,,,,,
,,,https://www.nottingham.ac.uk/pgstudy/course/taught/film-television-and-screen-industries-ma,,,,,,,,,,,,,,,,,,,,,,,,,,,,,,,,,,,,,,,,,,,,,,,,
,,,https://www.nottingham.ac.uk/pgstudy/course/taught/food-process-engineering-msc,,,,,,,,,,,,,,,,,,,,,,,,,,,,,,,,,,,,,,,,,,,,,,,,
,,,https://www.nottingham.ac.uk/pgstudy/course/taught/executive-mba,,,,,,,,,,,,,,,,,,,,,,,,,,,,,,,,,,,,,,,,,,,,,,,,
,,,https://www.nottingham.ac.uk/pgstudy/course/taught/financial-and-computational-mathematics-msc,,,,,,,,,,,,,,,,,,,,,,,,,,,,,,,,,,,,,,,,,,,,,,,,
,,,https://www.nottingham.ac.uk/pgstudy/course/taught/finance-and-investment-msc,,,,,,,,,,,,,,,,,,,,,,,,,,,,,,,,,,,,,,,,,,,,,,,,
,,,https://www.nottingham.ac.uk/pgstudy/course/taught/food-production-management-msc,,,,,,,,,,,,,,,,,,,,,,,,,,,,,,,,,,,,,,,,,,,,,,,,
,,,https://www.nottingham.ac.uk/pgstudy/course/taught/executive-healthcare-mba,,,,,,,,,,,,,,,,,,,,,,,,,,,,,,,,,,,,,,,,,,,,,,,,
,,,https://www.nottingham.ac.uk/pgstudy/course/taught/european-law-llm,,,,,,,,,,,,,,,,,,,,,,,,,,,,,,,,,,,,,,,,,,,,,,,,
,,,https://www.nottingham.ac.uk/pgstudy/course/taught/environmental-leadership-and-management-msc,,,,,,,,,,,,,,,,,,,,,,,,,,,,,,,,,,,,,,,,,,,,,,,,
,,,https://www.nottingham.ac.uk/pgstudy/course/taught/entrepreneurship-innovation-and-management-msc,,,,,,,,,,,,,,,,,,,,,,,,,,,,,,,,,,,,,,,,,,,,,,,,
,,,https://www.nottingham.ac.uk/pgstudy/course/taught/environmental-engineering-msc,,,,,,,,,,,,,,,,,,,,,,,,,,,,,,,,,,,,,,,,,,,,,,,,
,,,https://www.nottingham.ac.uk/pgstudy/course/taught/english-studies-by-web-based-distance-learning-ma,,,,,,,,,,,,,,,,,,,,,,,,,,,,,,,,,,,,,,,,,,,,,,,,
,,,https://www.nottingham.ac.uk/pgstudy/course/taught/english-studies-ma,,,,,,,,,,,,,,,,,,,,,,,,,,,,,,,,,,,,,,,,,,,,,,,,
,,,https://www.nottingham.ac.uk/pgstudy/course/taught/english-literature-ma,,,,,,,,,,,,,,,,,,,,,,,,,,,,,,,,,,,,,,,,,,,,,,,,
,,,https://www.nottingham.ac.uk/pgstudy/course/taught/electrical-engineering-msc,,,,,,,,,,,,,,,,,,,,,,,,,,,,,,,,,,,,,,,,,,,,,,,,
,,,https://www.nottingham.ac.uk/pgstudy/course/taught/electrical-engineering-for-sustainable-and-renewable-energy-msc,,,,,,,,,,,,,,,,,,,,,,,,,,,,,,,,,,,,,,,,,,,,,,,,
,,,https://www.nottingham.ac.uk/pgstudy/course/taught/electronic-communications-and-computer-engineering-msc,,,,,,,,,,,,,,,,,,,,,,,,,,,,,,,,,,,,,,,,,,,,,,,,
,,,https://www.nottingham.ac.uk/pgstudy/course/taught/electrical-and-electronic-engineering-msc,,,,,,,,,,,,,,,,,,,,,,,,,,,,,,,,,,,,,,,,,,,,,,,,
,,,https://www.nottingham.ac.uk/pgstudy/course/taught/education-ma,,,,,,,,,,,,,,,,,,,,,,,,,,,,,,,,,,,,,,,,,,,,,,,,
,,,https://www.nottingham.ac.uk/pgstudy/course/taught/educational-leadership-and-management-ma,,,,,,,,,,,,,,,,,,,,,,,,,,,,,,,,,,,,,,,,,,,,,,,,
,,,https://www.nottingham.ac.uk/pgstudy/course/taught/educational-leadership-and-management-distance-learning-ma,,,,,,,,,,,,,,,,,,,,,,,,,,,,,,,,,,,,,,,,,,,,,,,,
,,,https://www.nottingham.ac.uk/pgstudy/course/taught/education-flexible-ma,,,,,,,,,,,,,,,,,,,,,,,,,,,,,,,,,,,,,,,,,,,,,,,,
,,,https://www.nottingham.ac.uk/pgstudy/course/taught/economics-msc,,,,,,,,,,,,,,,,,,,,,,,,,,,,,,,,,,,,,,,,,,,,,,,,
,,,https://www.nottingham.ac.uk/pgstudy/course/taught/economic-development-and-policy-analysis-msc,,,,,,,,,,,,,,,,,,,,,,,,,,,,,,,,,,,,,,,,,,,,,,,,
,,,https://www.nottingham.ac.uk/pgstudy/course/taught/economics-and-econometrics-msc,,,,,,,,,,,,,,,,,,,,,,,,,,,,,,,,,,,,,,,,,,,,,,,,
,,,https://www.nottingham.ac.uk/pgstudy/course/taught/drug-discovery-and-pharmaceutical-sciences-msc,,,,,,,,,,,,,,,,,,,,,,,,,,,,,,,,,,,,,,,,,,,,,,,,
,,,https://www.nottingham.ac.uk/pgstudy/course/taught/digital-teaching-and-learning-ma,,,,,,,,,,,,,,,,,,,,,,,,,,,,,,,,,,,,,,,,,,,,,,,,
,,,https://www.nottingham.ac.uk/pgstudy/course/taught/digital-technologies-for-language-teaching-ma,,,,,,,,,,,,,,,,,,,,,,,,,,,,,,,,,,,,,,,,,,,,,,,,
,,,https://www.nottingham.ac.uk/pgstudy/course/taught/digital-teaching-and-learning-online-ma,,,,,,,,,,,,,,,,,,,,,,,,,,,,,,,,,,,,,,,,,,,,,,,,
,,,https://www.nottingham.ac.uk/pgstudy/course/taught/development-economics-msc,,,,,,,,,,,,,,,,,,,,,,,,,,,,,,,,,,,,,,,,,,,,,,,,
,,,https://www.nottingham.ac.uk/pgstudy/course/taught/developmental-disorders-msc,,,,,,,,,,,,,,,,,,,,,,,,,,,,,,,,,,,,,,,,,,,,,,,,
,,,https://www.nottingham.ac.uk/pgstudy/course/taught/cultural-industries-and-entrepreneurship-msc,,,,,,,,,,,,,,,,,,,,,,,,,,,,,,,,,,,,,,,,,,,,,,,,
,,,https://www.nottingham.ac.uk/pgstudy/course/taught/critical-theory-and-politics-ma,,,,,,,,,,,,,,,,,,,,,,,,,,,,,,,,,,,,,,,,,,,,,,,,
,,,https://www.nottingham.ac.uk/pgstudy/course/taught/critical-theory-and-cultural-studies-ma,,,,,,,,,,,,,,,,,,,,,,,,,,,,,,,,,,,,,,,,,,,,,,,,
,,,https://www.nottingham.ac.uk/pgstudy/course/taught/data-science-msc,,,,,,,,,,,,,,,,,,,,,,,,,,,,,,,,,,,,,,,,,,,,,,,,
,,,https://www.nottingham.ac.uk/pgstudy/course/taught/criminal-justice-llm,,,,,,,,,,,,,,,,,,,,,,,,,,,,,,,,,,,,,,,,,,,,,,,,
,,,https://www.nottingham.ac.uk/pgstudy/course/taught/creative-writing-ma,,,,,,,,,,,,,,,,,,,,,,,,,,,,,,,,,,,,,,,,,,,,,,,,
,,,https://www.nottingham.ac.uk/pgstudy/course/taught/computer-science-or-computer-science-artificial-intelligence-pathway-2-year-msc,,,,,,,,,,,,,,,,,,,,,,,,,,,,,,,,,,,,,,,,,,,,,,,,
,,,https://www.nottingham.ac.uk/pgstudy/course/taught/computer-science-or-computer-science-artificial-intelligence-msc,,,,,,,,,,,,,,,,,,,,,,,,,,,,,,,,,,,,,,,,,,,,,,,,
,,,https://www.nottingham.ac.uk/pgstudy/course/taught/computational-neuroscience-cognition-and-ai-msc,,,,,,,,,,,,,,,,,,,,,,,,,,,,,,,,,,,,,,,,,,,,,,,,
,,,https://www.nottingham.ac.uk/pgstudy/course/taught/clinical-microbiology-distance-learning-msc,,,,,,,,,,,,,,,,,,,,,,,,,,,,,,,,,,,,,,,,,,,,,,,,
,,,https://www.nottingham.ac.uk/pgstudy/course/taught/clinical-nutrition-msc,,,,,,,,,,,,,,,,,,,,,,,,,,,,,,,,,,,,,,,,,,,,,,,,
,,,https://www.nottingham.ac.uk/pgstudy/course/taught/communication-and-entrepreneurship-msc,,,,,,,,,,,,,,,,,,,,,,,,,,,,,,,,,,,,,,,,,,,,,,,,
,,,https://www.nottingham.ac.uk/pgstudy/course/taught/clinical-molecular-microbiology-msc,,,,,,,,,,,,,,,,,,,,,,,,,,,,,,,,,,,,,,,,,,,,,,,,
,,,https://www.nottingham.ac.uk/pgstudy/course/taught/classics-ma,,,,,,,,,,,,,,,,,,,,,,,,,,,,,,,,,,,,,,,,,,,,,,,,
,,,https://www.nottingham.ac.uk/pgstudy/course/taught/chinese-english-translation-and-interpreting-ma,,,,,,,,,,,,,,,,,,,,,,,,,,,,,,,,,,,,,,,,,,,,,,,,
,,,https://www.nottingham.ac.uk/pgstudy/course/taught/business-administration-mba,,,,,,,,,,,,,,,,,,,,,,,,,,,,,,,,,,,,,,,,,,,,,,,,
,,,https://www.nottingham.ac.uk/pgstudy/course/taught/business-and-management-msc,,,,,,,,,,,,,,,,,,,,,,,,,,,,,,,,,,,,,,,,,,,,,,,,
,,,https://www.nottingham.ac.uk/pgstudy/course/taught/business-analytics-msc,,,,,,,,,,,,,,,,,,,,,,,,,,,,,,,,,,,,,,,,,,,,,,,,
,,,https://www.nottingham.ac.uk/pgstudy/course/taught/chemical-engineering-msc,,,,,,,,,,,,,,,,,,,,,,,,,,,,,,,,,,,,,,,,,,,,,,,,
,,,https://www.nottingham.ac.uk/pgstudy/course/taught/civil-engineering-msc,,,,,,,,,,,,,,,,,,,,,,,,,,,,,,,,,,,,,,,,,,,,,,,,
,,,https://www.nottingham.ac.uk/pgstudy/course/taught/cancer-immunology-and-biotechnology-msc,,,,,,,,,,,,,,,,,,,,,,,,,,,,,,,,,,,,,,,,,,,,,,,,
,,,https://www.nottingham.ac.uk/pgstudy/course/taught/building-performance-engineering-msc,,,,,,,,,,,,,,,,,,,,,,,,,,,,,,,,,,,,,,,,,,,,,,,,
,,,https://www.nottingham.ac.uk/pgstudy/course/taught/biotechnology-msc,,,,,,,,,,,,,,,,,,,,,,,,,,,,,,,,,,,,,,,,,,,,,,,,
,,,https://www.nottingham.ac.uk/pgstudy/course/taught/behavioural-economics-msc,,,,,,,,,,,,,,,,,,,,,,,,,,,,,,,,,,,,,,,,,,,,,,,,
,,,https://www.nottingham.ac.uk/pgstudy/course/taught/bioengineering-msc,,,,,,,,,,,,,,,,,,,,,,,,,,,,,,,,,,,,,,,,,,,,,,,,
,,,https://www.nottingham.ac.uk/pgstudy/course/taught/bioinformatics-msc,,,,,,,,,,,,,,,,,,,,,,,,,,,,,,,,,,,,,,,,,,,,,,,,
,,,https://www.nottingham.ac.uk/pgstudy/course/taught/biological-photography-msc,,,,,,,,,,,,,,,,,,,,,,,,,,,,,,,,,,,,,,,,,,,,,,,,
,,,https://www.nottingham.ac.uk/pgstudy/course/taught/Banking-and-Finance-MSc,,,,,,,,,,,,,,,,,,,,,,,,,,,,,,,,,,,,,,,,,,,,,,,,
,,,https://www.nottingham.ac.uk/pgstudy/course/taught/architecture-design-march,,,,,,,,,,,,,,,,,,,,,,,,,,,,,,,,,,,,,,,,,,,,,,,,
,,,https://www.nottingham.ac.uk/pgstudy/course/taught/applied-linguistics-by-web-based-distance-learning-ma,,,,,,,,,,,,,,,,,,,,,,,,,,,,,,,,,,,,,,,,,,,,,,,,
,,,https://www.nottingham.ac.uk/pgstudy/course/taught/architecture-design-and-build-march,,,,,,,,,,,,,,,,,,,,,,,,,,,,,,,,,,,,,,,,,,,,,,,,
,,,https://www.nottingham.ac.uk/pgstudy/course/taught/asian-and-international-studies-ma,,,,,,,,,,,,,,,,,,,,,,,,,,,,,,,,,,,,,,,,,,,,,,,,
,,,https://www.nottingham.ac.uk/pgstudy/course/taught/architecture-and-sustainable-design-march,,,,,,,,,,,,,,,,,,,,,,,,,,,,,,,,,,,,,,,,,,,,,,,,
,,,https://www.nottingham.ac.uk/pgstudy/course/taught/assisted-reproduction-technology-mmedsci,,,,,,,,,,,,,,,,,,,,,,,,,,,,,,,,,,,,,,,,,,,,,,,,
,,,https://www.nottingham.ac.uk/pgstudy/course/taught/applied-sport-and-exercise-medicine-msc,,,,,,,,,,,,,,,,,,,,,,,,,,,,,,,,,,,,,,,,,,,,,,,,
,,,https://www.nottingham.ac.uk/pgstudy/course/taught/applied-linguistics-ma,,,,,,,,,,,,,,,,,,,,,,,,,,,,,,,,,,,,,,,,,,,,,,,,
,,,https://www.nottingham.ac.uk/pgstudy/course/taught/applied-linguistics-and-english-language-distance-learning-ma,,,,,,,,,,,,,,,,,,,,,,,,,,,,,,,,,,,,,,,,,,,,,,,,
,,,https://www.nottingham.ac.uk/pgstudy/course/taught/applied-ergonomics-and-human-factors-msc,,,,,,,,,,,,,,,,,,,,,,,,,,,,,,,,,,,,,,,,,,,,,,,,
,,,https://www.nottingham.ac.uk/pgstudy/course/taught/applied-linguistics-and-english-language-teaching-ma,,,,,,,,,,,,,,,,,,,,,,,,,,,,,,,,,,,,,,,,,,,,,,,,
,,,https://www.nottingham.ac.uk/pgstudy/course/taught/accounting-and-finance-msc,,,,,,,,,,,,,,,,,,,,,,,,,,,,,,,,,,,,,,,,,,,,,,,,
,,,https://www.nottingham.ac.uk/pgstudy/course/taught/applied-english-programme-by-web-based-distance-learning-ma,,,,,,,,,,,,,,,,,,,,,,,,,,,,,,,,,,,,,,,,,,,,,,,,
,,,https://www.nottingham.ac.uk/pgstudy/course/taught/advanced-materials-msc,,,,,,,,,,,,,,,,,,,,,,,,,,,,,,,,,,,,,,,,,,,,,,,,
,,,https://www.nottingham.ac.uk/pgstudy/course/taught/animal-nutrition-msc,,,,,,,,,,,,,,,,,,,,,,,,,,,,,,,,,,,,,,,,,,,,,,,,
,,,https://www.nottingham.ac.uk/pgstudy/course/taught/advanced-nursing-msc,,,,,,,,,,,,,,,,,,,,,,,,,,,,,,,,,,,,,,,,,,,,,,,,
,,,https://www.nottingham.ac.uk/pgstudy/course/taught/additive-manufacturing-and-3d-printing-msc,,,,,,,,,,,,,,,,,,,,,,,,,,,,,,,,,,,,,,,,,,,,,,,,
,,,https://www.nottingham.ac.uk/pgstudy/course/taught/advanced-electrical-and-electronic-engineering-with-extended-research-msc,,,,,,,,,,,,,,,,,,,,,,,,,,,,,,,,,,,,,,,,,,,,,,,,
,,,https://www.nottingham.ac.uk/pgstudy/course/taught/american-studies-ma,,,,,,,,,,,,,,,,,,,,,,,,,,,,,,,,,,,,,,,,,,,,,,,,
,,,https://www.nottingham.ac.uk/ugstudy/course/Veterinary-Medicine-and-Surgery-including-a-Gateway-Year-BVM+BVS+with+BVMedSci,,,,,,,,,,,,,,,,,,,,,,,,,,,,,,,,,,,,,,,,,,,,,,,,
,,,https://www.nottingham.ac.uk/ugstudy/course/Veterinary-Medicine-and-Surgery-including-a-Preliminary-Year-BVM+BVS+with+BVMedSci,,,,,,,,,,,,,,,,,,,,,,,,,,,,,,,,,,,,,,,,,,,,,,,,
,,,https://www.nottingham.ac.uk/ugstudy/course/Zoology-MSci,,,,,,,,,,,,,,,,,,,,,,,,,,,,,,,,,,,,,,,,,,,,,,,,
,,,https://www.nottingham.ac.uk/ugstudy/course/Zoology-BSc,,,,,,,,,,,,,,,,,,,,,,,,,,,,,,,,,,,,,,,,,,,,,,,,
,,,https://www.nottingham.ac.uk/ugstudy/course/Veterinary-Medicine-and-Surgery-BVM+BVS+with+BVMedSci,,,,,,,,,,,,,,,,,,,,,,,,,,,,,,,,,,,,,,,,,,,,,,,,
,,,https://www.nottingham.ac.uk/ugstudy/course/Sport-Rehabilitation-BSc,,,,,,,,,,,,,,,,,,,,,,,,,,,,,,,,,,,,,,,,,,,,,,,,
,,,https://www.nottingham.ac.uk/ugstudy/course/Statistics-BSc,,,,,,,,,,,,,,,,,,,,,,,,,,,,,,,,,,,,,,,,,,,,,,,,
,,,https://www.nottingham.ac.uk/ugstudy/course/Theology-and-Religious-Studies-BA,,,,,,,,,,,,,,,,,,,,,,,,,,,,,,,,,,,,,,,,,,,,,,,,
,,,https://www.nottingham.ac.uk/ugstudy/course/Sport-and-Exercise-Science-BSc,,,,,,,,,,,,,,,,,,,,,,,,,,,,,,,,,,,,,,,,,,,,,,,,
,,,https://www.nottingham.ac.uk/ugstudy/course/Spanish-and-International-Media-and-Communications-Studies-BA,,,,,,,,,,,,,,,,,,,,,,,,,,,,,,,,,,,,,,,,,,,,,,,,
,,,https://www.nottingham.ac.uk/ugstudy/course/Sociology-BA,,,,,,,,,,,,,,,,,,,,,,,,,,,,,,,,,,,,,,,,,,,,,,,,
,,,https://www.nottingham.ac.uk/ugstudy/course/Sociology-and-Social-Policy-BA,,,,,,,,,,,,,,,,,,,,,,,,,,,,,,,,,,,,,,,,,,,,,,,,
,,,https://www.nottingham.ac.uk/ugstudy/course/Spanish-and-Contemporary-Chinese-Studies-BA,,,,,,,,,,,,,,,,,,,,,,,,,,,,,,,,,,,,,,,,,,,,,,,,
,,,https://www.nottingham.ac.uk/ugstudy/course/Social-Work-BA,,,,,,,,,,,,,,,,,,,,,,,,,,,,,,,,,,,,,,,,,,,,,,,,
,,,https://www.nottingham.ac.uk/ugstudy/course/Russian-and-History-BA,,,,,,,,,,,,,,,,,,,,,,,,,,,,,,,,,,,,,,,,,,,,,,,,
,,,https://www.nottingham.ac.uk/ugstudy/course/Russian-Studies-BA,,,,,,,,,,,,,,,,,,,,,,,,,,,,,,,,,,,,,,,,,,,,,,,,
,,,https://www.nottingham.ac.uk/ugstudy/course/Russian-and-Contemporary-Chinese-Studies-BA,,,,,,,,,,,,,,,,,,,,,,,,,,,,,,,,,,,,,,,,,,,,,,,,
,,,"https://www.nottingham.ac.uk/ugstudy/course/Religion,-Culture-and-Ethics-BA",,,,,,,,,,,,,,,,,,,,,,,,,,,,,,,,,,,,,,,,,,,,,,,,
,,,"https://www.nottingham.ac.uk/ugstudy/course/Religion,-Philosophy-and-Ethics-BA",,,,,,,,,,,,,,,,,,,,,,,,,,,,,,,,,,,,,,,,,,,,,,,,
,,,https://www.nottingham.ac.uk/ugstudy/course/Psychology-BSc,,,,,,,,,,,,,,,,,,,,,,,,,,,,,,,,,,,,,,,,,,,,,,,,
,,,https://www.nottingham.ac.uk/ugstudy/course/Psychology-MSci,,,,,,,,,,,,,,,,,,,,,,,,,,,,,,,,,,,,,,,,,,,,,,,,
,,,https://www.nottingham.ac.uk/ugstudy/course/Product-Design-and-Manufacture-with-Study-Abroad-BEng,,,,,,,,,,,,,,,,,,,,,,,,,,,,,,,,,,,,,,,,,,,,,,,,
,,,https://www.nottingham.ac.uk/ugstudy/course/Product-Design-and-Manufacture-with-Study-Abroad-MEng,,,,,,,,,,,,,,,,,,,,,,,,,,,,,,,,,,,,,,,,,,,,,,,,
,,,https://www.nottingham.ac.uk/ugstudy/course/Psychology-and-Cognitive-Neuroscience-BSc,,,,,,,,,,,,,,,,,,,,,,,,,,,,,,,,,,,,,,,,,,,,,,,,
,,,https://www.nottingham.ac.uk/ugstudy/course/Product-Design-and-Manufacture-BEng,,,,,,,,,,,,,,,,,,,,,,,,,,,,,,,,,,,,,,,,,,,,,,,,
,,,https://www.nottingham.ac.uk/ugstudy/course/Product-Design-and-Manufacture-with-Industrial-Year-BEng,,,,,,,,,,,,,,,,,,,,,,,,,,,,,,,,,,,,,,,,,,,,,,,,
,,,https://www.nottingham.ac.uk/ugstudy/course/Product-Design-and-Manufacture-with-Industrial-Year-MEng,,,,,,,,,,,,,,,,,,,,,,,,,,,,,,,,,,,,,,,,,,,,,,,,
,,,https://www.nottingham.ac.uk/ugstudy/course/Product-Design-and-Manufacture-MEng,,,,,,,,,,,,,,,,,,,,,,,,,,,,,,,,,,,,,,,,,,,,,,,,
,,,https://www.nottingham.ac.uk/ugstudy/course/Portuguese-and-International-Media-and-Communications-Studies-BA,,,,,,,,,,,,,,,,,,,,,,,,,,,,,,,,,,,,,,,,,,,,,,,,
,,,https://www.nottingham.ac.uk/ugstudy/course/Politics-and-International-Relations-BA,,,,,,,,,,,,,,,,,,,,,,,,,,,,,,,,,,,,,,,,,,,,,,,,
,,,https://www.nottingham.ac.uk/ugstudy/course/Politics-and-Economics-BA,,,,,,,,,,,,,,,,,,,,,,,,,,,,,,,,,,,,,,,,,,,,,,,,
,,,https://www.nottingham.ac.uk/ugstudy/course/Politics-and-American-Studies-BA,,,,,,,,,,,,,,,,,,,,,,,,,,,,,,,,,,,,,,,,,,,,,,,,
,,,https://www.nottingham.ac.uk/ugstudy/course/Physics-with-Year-in-Industry-MSci,,,,,,,,,,,,,,,,,,,,,,,,,,,,,,,,,,,,,,,,,,,,,,,,
,,,https://www.nottingham.ac.uk/ugstudy/course/Physiotherapy-BSc,,,,,,,,,,,,,,,,,,,,,,,,,,,,,,,,,,,,,,,,,,,,,,,,
,,,https://www.nottingham.ac.uk/ugstudy/course/Plant-Science-MSci,,,,,,,,,,,,,,,,,,,,,,,,,,,,,,,,,,,,,,,,,,,,,,,,
,,,https://www.nottingham.ac.uk/ugstudy/course/Physics-with-Year-in-Industry-BSc,,,,,,,,,,,,,,,,,,,,,,,,,,,,,,,,,,,,,,,,,,,,,,,,
,,,https://www.nottingham.ac.uk/ugstudy/course/Physics-with-Theoretical-Physics-MSci,,,,,,,,,,,,,,,,,,,,,,,,,,,,,,,,,,,,,,,,,,,,,,,,
,,,https://www.nottingham.ac.uk/ugstudy/course/Physics-with-Theoretical-Physics-BSc,,,,,,,,,,,,,,,,,,,,,,,,,,,,,,,,,,,,,,,,,,,,,,,,
,,,https://www.nottingham.ac.uk/ugstudy/course/Physics-with-Theoretical-Astrophysics-MSci,,,,,,,,,,,,,,,,,,,,,,,,,,,,,,,,,,,,,,,,,,,,,,,,
,,,https://www.nottingham.ac.uk/ugstudy/course/Physics-with-Theoretical-Astrophysics-BSc,,,,,,,,,,,,,,,,,,,,,,,,,,,,,,,,,,,,,,,,,,,,,,,,
,,,https://www.nottingham.ac.uk/ugstudy/course/Physics-with-Nanoscience-MSci,,,,,,,,,,,,,,,,,,,,,,,,,,,,,,,,,,,,,,,,,,,,,,,,
,,,https://www.nottingham.ac.uk/ugstudy/course/Physics-with-Nanoscience-BSc,,,,,,,,,,,,,,,,,,,,,,,,,,,,,,,,,,,,,,,,,,,,,,,,
,,,https://www.nottingham.ac.uk/ugstudy/course/Physics-with-Medical-Physics-MSci,,,,,,,,,,,,,,,,,,,,,,,,,,,,,,,,,,,,,,,,,,,,,,,,
,,,https://www.nottingham.ac.uk/ugstudy/course/Physics-with-Medical-Physics-BSc,,,,,,,,,,,,,,,,,,,,,,,,,,,,,,,,,,,,,,,,,,,,,,,,
,,,https://www.nottingham.ac.uk/ugstudy/course/Physics-with-European-Language-BSc,,,,,,,,,,,,,,,,,,,,,,,,,,,,,,,,,,,,,,,,,,,,,,,,
,,,https://www.nottingham.ac.uk/ugstudy/course/Physics-with-European-Language-MSci,,,,,,,,,,,,,,,,,,,,,,,,,,,,,,,,,,,,,,,,,,,,,,,,
,,,https://www.nottingham.ac.uk/ugstudy/course/Physics-with-Astronomy-BSc,,,,,,,,,,,,,,,,,,,,,,,,,,,,,,,,,,,,,,,,,,,,,,,,
,,,https://www.nottingham.ac.uk/ugstudy/course/Physics-with-Astronomy-MSci,,,,,,,,,,,,,,,,,,,,,,,,,,,,,,,,,,,,,,,,,,,,,,,,
,,,https://www.nottingham.ac.uk/ugstudy/course/Physics-MSci,,,,,,,,,,,,,,,,,,,,,,,,,,,,,,,,,,,,,,,,,,,,,,,,
,,,https://www.nottingham.ac.uk/ugstudy/course/Physics-and-Philosophy-BSc,,,,,,,,,,,,,,,,,,,,,,,,,,,,,,,,,,,,,,,,,,,,,,,,
,,,https://www.nottingham.ac.uk/ugstudy/course/Physics-BSc,,,,,,,,,,,,,,,,,,,,,,,,,,,,,,,,,,,,,,,,,,,,,,,,
,,,https://www.nottingham.ac.uk/ugstudy/course/Pharmacology-BSc,,,,,,,,,,,,,,,,,,,,,,,,,,,,,,,,,,,,,,,,,,,,,,,,
,,,"https://www.nottingham.ac.uk/ugstudy/course/Philosophy,-Politics-and-Economics-BA",,,,,,,,,,,,,,,,,,,,,,,,,,,,,,,,,,,,,,,,,,,,,,,,
,,,https://www.nottingham.ac.uk/ugstudy/course/Philosophy-and-Theology-BA,,,,,,,,,,,,,,,,,,,,,,,,,,,,,,,,,,,,,,,,,,,,,,,,
,,,https://www.nottingham.ac.uk/ugstudy/course/Philosophy-and-Psychology-BA,,,,,,,,,,,,,,,,,,,,,,,,,,,,,,,,,,,,,,,,,,,,,,,,
,,,https://www.nottingham.ac.uk/ugstudy/course/Philosophy-BA,,,,,,,,,,,,,,,,,,,,,,,,,,,,,,,,,,,,,,,,,,,,,,,,
,,,https://www.nottingham.ac.uk/ugstudy/course/Pharmacy-MPharm,,,,,,,,,,,,,,,,,,,,,,,,,,,,,,,,,,,,,,,,,,,,,,,,
,,,https://www.nottingham.ac.uk/ugstudy/course/Pharmacy-with-Integrated-Pre-registration-Year-MPharm,,,,,,,,,,,,,,,,,,,,,,,,,,,,,,,,,,,,,,,,,,,,,,,,
,,,https://www.nottingham.ac.uk/ugstudy/course/Pharmaceutical-Sciences-BSc,,,,,,,,,,,,,,,,,,,,,,,,,,,,,,,,,,,,,,,,,,,,,,,,
,,,https://www.nottingham.ac.uk/ugstudy/course/Pharmaceutical-Sciences-(with-a-Year-in-Industry)-MSci,,,,,,,,,,,,,,,,,,,,,,,,,,,,,,,,,,,,,,,,,,,,,,,,
,,,https://www.nottingham.ac.uk/ugstudy/course/Nursing-Studies-(online)-BSc,,,,,,,,,,,,,,,,,,,,,,,,,,,,,,,,,,,,,,,,,,,,,,,,
,,,https://www.nottingham.ac.uk/ugstudy/course/Nursing-(Mental-Health)-BSc,,,,,,,,,,,,,,,,,,,,,,,,,,,,,,,,,,,,,,,,,,,,,,,,
,,,https://www.nottingham.ac.uk/ugstudy/course/Nutrition-and-Dietetics-MNutr,,,,,,,,,,,,,,,,,,,,,,,,,,,,,,,,,,,,,,,,,,,,,,,,
,,,https://www.nottingham.ac.uk/ugstudy/course/Nutrition-BSc,,,,,,,,,,,,,,,,,,,,,,,,,,,,,,,,,,,,,,,,,,,,,,,,
,,,https://www.nottingham.ac.uk/ugstudy/course/Nutrition-MSci,,,,,,,,,,,,,,,,,,,,,,,,,,,,,,,,,,,,,,,,,,,,,,,,
,,,https://www.nottingham.ac.uk/ugstudy/course/Nursing-(Adult)-BSc,,,,,,,,,,,,,,,,,,,,,,,,,,,,,,,,,,,,,,,,,,,,,,,,
,,,https://www.nottingham.ac.uk/ugstudy/course/Nursing-(Child)-BSc,,,,,,,,,,,,,,,,,,,,,,,,,,,,,,,,,,,,,,,,,,,,,,,,
,,,https://www.nottingham.ac.uk/ugstudy/course/Neuroscience-BSc,,,,,,,,,,,,,,,,,,,,,,,,,,,,,,,,,,,,,,,,,,,,,,,,
,,,https://www.nottingham.ac.uk/ugstudy/course/Neuroscience-MSci,,,,,,,,,,,,,,,,,,,,,,,,,,,,,,,,,,,,,,,,,,,,,,,,
,,,https://www.nottingham.ac.uk/ugstudy/course/Natural-Sciences-with-International-Study-BSc,,,,,,,,,,,,,,,,,,,,,,,,,,,,,,,,,,,,,,,,,,,,,,,,
,,,https://www.nottingham.ac.uk/ugstudy/course/Natural-Sciences-with-International-Study-MSci,,,,,,,,,,,,,,,,,,,,,,,,,,,,,,,,,,,,,,,,,,,,,,,,
,,,https://www.nottingham.ac.uk/ugstudy/course/Natural-Sciences-MSci,,,,,,,,,,,,,,,,,,,,,,,,,,,,,,,,,,,,,,,,,,,,,,,,
,,,https://www.nottingham.ac.uk/ugstudy/course/Music-BA,,,,,,,,,,,,,,,,,,,,,,,,,,,,,,,,,,,,,,,,,,,,,,,,
,,,https://www.nottingham.ac.uk/ugstudy/course/Natural-Sciences-BSc,,,,,,,,,,,,,,,,,,,,,,,,,,,,,,,,,,,,,,,,,,,,,,,,
,,,https://www.nottingham.ac.uk/ugstudy/course/Music-and-Music-Technology-BA,,,,,,,,,,,,,,,,,,,,,,,,,,,,,,,,,,,,,,,,,,,,,,,,
,,,https://www.nottingham.ac.uk/ugstudy/course/Music-and-Philosophy-BA,,,,,,,,,,,,,,,,,,,,,,,,,,,,,,,,,,,,,,,,,,,,,,,,
,,,https://www.nottingham.ac.uk/ugstudy/course/Modern-Languages-with-Business-BA,,,,,,,,,,,,,,,,,,,,,,,,,,,,,,,,,,,,,,,,,,,,,,,,
,,,https://www.nottingham.ac.uk/ugstudy/course/Modern-Language-Studies-BA,,,,,,,,,,,,,,,,,,,,,,,,,,,,,,,,,,,,,,,,,,,,,,,,
,,,https://www.nottingham.ac.uk/ugstudy/course/Modern-Languages-BA,,,,,,,,,,,,,,,,,,,,,,,,,,,,,,,,,,,,,,,,,,,,,,,,
,,,https://www.nottingham.ac.uk/ugstudy/course/Modern-Languages-with-Translation-BA,,,,,,,,,,,,,,,,,,,,,,,,,,,,,,,,,,,,,,,,,,,,,,,,
,,,https://www.nottingham.ac.uk/ugstudy/course/Midwifery-BSc,,,,,,,,,,,,,,,,,,,,,,,,,,,,,,,,,,,,,,,,,,,,,,,,
,,,https://www.nottingham.ac.uk/ugstudy/course/Modern-European-Studies-BA,,,,,,,,,,,,,,,,,,,,,,,,,,,,,,,,,,,,,,,,,,,,,,,,
,,,https://www.nottingham.ac.uk/ugstudy/course/Microbiology-BSc,,,,,,,,,,,,,,,,,,,,,,,,,,,,,,,,,,,,,,,,,,,,,,,,
,,,https://www.nottingham.ac.uk/ugstudy/course/Medicinal-and-Biological-Chemistry-with-an-Assessed-Year-in-Industry-MSci,,,,,,,,,,,,,,,,,,,,,,,,,,,,,,,,,,,,,,,,,,,,,,,,
,,,https://www.nottingham.ac.uk/ugstudy/course/Medicinal-and-Biological-Chemistry-MSci,,,,,,,,,,,,,,,,,,,,,,,,,,,,,,,,,,,,,,,,,,,,,,,,
,,,https://www.nottingham.ac.uk/ugstudy/course/Medicinal-and-Biological-Chemistry-BSc,,,,,,,,,,,,,,,,,,,,,,,,,,,,,,,,,,,,,,,,,,,,,,,,
,,,https://www.nottingham.ac.uk/ugstudy/course/Medical-Physiology-and-Therapeutics-BSc,,,,,,,,,,,,,,,,,,,,,,,,,,,,,,,,,,,,,,,,,,,,,,,,
,,,https://www.nottingham.ac.uk/ugstudy/course/Mechanical-Engineering-with-Study-Abroad-Year-2-MEng,,,,,,,,,,,,,,,,,,,,,,,,,,,,,,,,,,,,,,,,,,,,,,,,
,,,https://www.nottingham.ac.uk/ugstudy/course/Mechanical-Engineering-with-Study-Abroad-Year-3-MEng,,,,,,,,,,,,,,,,,,,,,,,,,,,,,,,,,,,,,,,,,,,,,,,,
,,,https://www.nottingham.ac.uk/ugstudy/course/Mechanical-Engineering-MEng,,,,,,,,,,,,,,,,,,,,,,,,,,,,,,,,,,,,,,,,,,,,,,,,
,,,https://www.nottingham.ac.uk/ugstudy/course/Mechanical-Engineering-with-Study-Abroad-Year-2-BEng,,,,,,,,,,,,,,,,,,,,,,,,,,,,,,,,,,,,,,,,,,,,,,,,
,,,https://www.nottingham.ac.uk/ugstudy/course/Mechanical-Engineering-with-Industrial-Year-MEng,,,,,,,,,,,,,,,,,,,,,,,,,,,,,,,,,,,,,,,,,,,,,,,,
,,,https://www.nottingham.ac.uk/ugstudy/course/Mechanical-Engineering-with-Industrial-Year-BEng,,,,,,,,,,,,,,,,,,,,,,,,,,,,,,,,,,,,,,,,,,,,,,,,
,,,https://www.nottingham.ac.uk/ugstudy/course/Mechanical-Engineering-BEng,,,,,,,,,,,,,,,,,,,,,,,,,,,,,,,,,,,,,,,,,,,,,,,,
,,,https://www.nottingham.ac.uk/ugstudy/course/Mathematics-with-a-Year-in-Industry-BSc,,,,,,,,,,,,,,,,,,,,,,,,,,,,,,,,,,,,,,,,,,,,,,,,
,,,https://www.nottingham.ac.uk/ugstudy/course/Mathematics-with-a-Year-in-Industry-MMath,,,,,,,,,,,,,,,,,,,,,,,,,,,,,,,,,,,,,,,,,,,,,,,,
,,,https://www.nottingham.ac.uk/ugstudy/course/Mathematics-MMath,,,,,,,,,,,,,,,,,,,,,,,,,,,,,,,,,,,,,,,,,,,,,,,,
,,,https://www.nottingham.ac.uk/ugstudy/course/Mathematics-and-Economics-BSc,,,,,,,,,,,,,,,,,,,,,,,,,,,,,,,,,,,,,,,,,,,,,,,,
,,,https://www.nottingham.ac.uk/ugstudy/course/Mathematics-BSc,,,,,,,,,,,,,,,,,,,,,,,,,,,,,,,,,,,,,,,,,,,,,,,,
,,,https://www.nottingham.ac.uk/ugstudy/course/Mathematical-Physics-MSci,,,,,,,,,,,,,,,,,,,,,,,,,,,,,,,,,,,,,,,,,,,,,,,,
,,,https://www.nottingham.ac.uk/ugstudy/course/Mathematics-(International-Study)-BSc,,,,,,,,,,,,,,,,,,,,,,,,,,,,,,,,,,,,,,,,,,,,,,,,
,,,https://www.nottingham.ac.uk/ugstudy/course/Mathematical-Physics-BSc,,,,,,,,,,,,,,,,,,,,,,,,,,,,,,,,,,,,,,,,,,,,,,,,
,,,https://www.nottingham.ac.uk/ugstudy/course/Manufacturing-Engineering-MEng,,,,,,,,,,,,,,,,,,,,,,,,,,,,,,,,,,,,,,,,,,,,,,,,
,,,https://www.nottingham.ac.uk/ugstudy/course/Manufacturing-Engineering-BEng,,,,,,,,,,,,,,,,,,,,,,,,,,,,,,,,,,,,,,,,,,,,,,,,
,,,https://www.nottingham.ac.uk/ugstudy/course/Manufacturing-Engineering-with-Industrial-Year-BEng,,,,,,,,,,,,,,,,,,,,,,,,,,,,,,,,,,,,,,,,,,,,,,,,
,,,https://www.nottingham.ac.uk/ugstudy/course/Manufacturing-Engineering-with-Industrial-Year-MEng,,,,,,,,,,,,,,,,,,,,,,,,,,,,,,,,,,,,,,,,,,,,,,,,
,,,https://www.nottingham.ac.uk/ugstudy/course/Management-BSc,,,,,,,,,,,,,,,,,,,,,,,,,,,,,,,,,,,,,,,,,,,,,,,,
,,,https://www.nottingham.ac.uk/ugstudy/course/Liberal-Arts-BA,,,,,,,,,,,,,,,,,,,,,,,,,,,,,,,,,,,,,,,,,,,,,,,,
,,,https://www.nottingham.ac.uk/ugstudy/course/Law-with-Spanish-and-Spanish-Law-BA,,,,,,,,,,,,,,,,,,,,,,,,,,,,,,,,,,,,,,,,,,,,,,,,
,,,https://www.nottingham.ac.uk/ugstudy/course/Law-BA,,,,,,,,,,,,,,,,,,,,,,,,,,,,,,,,,,,,,,,,,,,,,,,,
,,,https://www.nottingham.ac.uk/ugstudy/course/Law-with-French-and-French-Law-BA,,,,,,,,,,,,,,,,,,,,,,,,,,,,,,,,,,,,,,,,,,,,,,,,
,,,https://www.nottingham.ac.uk/ugstudy/course/Law-with-German-and-German-Law-BA,,,,,,,,,,,,,,,,,,,,,,,,,,,,,,,,,,,,,,,,,,,,,,,,
,,,https://www.nottingham.ac.uk/ugstudy/course/Law-LLB,,,,,,,,,,,,,,,,,,,,,,,,,,,,,,,,,,,,,,,,,,,,,,,,
,,,https://www.nottingham.ac.uk/ugstudy/course/International-Relations-and-Asian-Studies-BA,,,,,,,,,,,,,,,,,,,,,,,,,,,,,,,,,,,,,,,,,,,,,,,,
,,,https://www.nottingham.ac.uk/ugstudy/course/International-Media-and-Communications-Studies-BA,,,,,,,,,,,,,,,,,,,,,,,,,,,,,,,,,,,,,,,,,,,,,,,,
,,,https://www.nottingham.ac.uk/ugstudy/course/International-Management-BSc,,,,,,,,,,,,,,,,,,,,,,,,,,,,,,,,,,,,,,,,,,,,,,,,
,,,https://www.nottingham.ac.uk/ugstudy/course/Industrial-Economics-with-Insurance-BSc,,,,,,,,,,,,,,,,,,,,,,,,,,,,,,,,,,,,,,,,,,,,,,,,
,,,https://www.nottingham.ac.uk/ugstudy/course/Industrial-Economics-BSc,,,,,,,,,,,,,,,,,,,,,,,,,,,,,,,,,,,,,,,,,,,,,,,,
,,,https://www.nottingham.ac.uk/ugstudy/course/History-of-Art-BA,,,,,,,,,,,,,,,,,,,,,,,,,,,,,,,,,,,,,,,,,,,,,,,,
,,,https://www.nottingham.ac.uk/ugstudy/course/History-of-Art-and-English-BA,,,,,,,,,,,,,,,,,,,,,,,,,,,,,,,,,,,,,,,,,,,,,,,,
,,,https://www.nottingham.ac.uk/ugstudy/course/History-BA,,,,,,,,,,,,,,,,,,,,,,,,,,,,,,,,,,,,,,,,,,,,,,,,
,,,https://www.nottingham.ac.uk/ugstudy/course/History-and-East-European-Cultural-Studies-BA,,,,,,,,,,,,,,,,,,,,,,,,,,,,,,,,,,,,,,,,,,,,,,,,
,,,https://www.nottingham.ac.uk/ugstudy/course/History-and-Politics-BA,,,,,,,,,,,,,,,,,,,,,,,,,,,,,,,,,,,,,,,,,,,,,,,,
,,,https://www.nottingham.ac.uk/ugstudy/course/Graduate-Entry-Medicine-BMBS,,,,,,,,,,,,,,,,,,,,,,,,,,,,,,,,,,,,,,,,,,,,,,,,
,,,https://www.nottingham.ac.uk/ugstudy/course/History-and-Contemporary-Chinese-Studies-BA,,,,,,,,,,,,,,,,,,,,,,,,,,,,,,,,,,,,,,,,,,,,,,,,
,,,https://www.nottingham.ac.uk/ugstudy/course/Hispanic-Studies-and-History-BA,,,,,,,,,,,,,,,,,,,,,,,,,,,,,,,,,,,,,,,,,,,,,,,,
,,,https://www.nottingham.ac.uk/ugstudy/course/History-and-History-of-Art-BA,,,,,,,,,,,,,,,,,,,,,,,,,,,,,,,,,,,,,,,,,,,,,,,,
,,,https://www.nottingham.ac.uk/ugstudy/course/German-BA,,,,,,,,,,,,,,,,,,,,,,,,,,,,,,,,,,,,,,,,,,,,,,,,
,,,https://www.nottingham.ac.uk/ugstudy/course/German-and-International-Media-and-Communications-Studies-BA,,,,,,,,,,,,,,,,,,,,,,,,,,,,,,,,,,,,,,,,,,,,,,,,
,,,https://www.nottingham.ac.uk/ugstudy/course/German-and-History-BA,,,,,,,,,,,,,,,,,,,,,,,,,,,,,,,,,,,,,,,,,,,,,,,,
,,,https://www.nottingham.ac.uk/ugstudy/course/Geography-with-Business-BA,,,,,,,,,,,,,,,,,,,,,,,,,,,,,,,,,,,,,,,,,,,,,,,,
,,,https://www.nottingham.ac.uk/ugstudy/course/German-and-Contemporary-Chinese-Studies-BA,,,,,,,,,,,,,,,,,,,,,,,,,,,,,,,,,,,,,,,,,,,,,,,,
,,,https://www.nottingham.ac.uk/ugstudy/course/Geography-BSc,,,,,,,,,,,,,,,,,,,,,,,,,,,,,,,,,,,,,,,,,,,,,,,,
,,,https://www.nottingham.ac.uk/ugstudy/course/Geography-BA,,,,,,,,,,,,,,,,,,,,,,,,,,,,,,,,,,,,,,,,,,,,,,,,
,,,https://www.nottingham.ac.uk/ugstudy/course/Genetics-BSc,,,,,,,,,,,,,,,,,,,,,,,,,,,,,,,,,,,,,,,,,,,,,,,,
,,,https://www.nottingham.ac.uk/ugstudy/course/Genetics-MSci,,,,,,,,,,,,,,,,,,,,,,,,,,,,,,,,,,,,,,,,,,,,,,,,
,,,https://www.nottingham.ac.uk/ugstudy/course/French-Studies-BA,,,,,,,,,,,,,,,,,,,,,,,,,,,,,,,,,,,,,,,,,,,,,,,,
,,,https://www.nottingham.ac.uk/ugstudy/course/French-and-Philosophy-BA,,,,,,,,,,,,,,,,,,,,,,,,,,,,,,,,,,,,,,,,,,,,,,,,
,,,https://www.nottingham.ac.uk/ugstudy/course/French-and-International-Media-and-Communications-Studies-BA,,,,,,,,,,,,,,,,,,,,,,,,,,,,,,,,,,,,,,,,,,,,,,,,
,,,https://www.nottingham.ac.uk/ugstudy/course/French-and-History-BA,,,,,,,,,,,,,,,,,,,,,,,,,,,,,,,,,,,,,,,,,,,,,,,,
,,,https://www.nottingham.ac.uk/ugstudy/course/Food-Science-MSci,,,,,,,,,,,,,,,,,,,,,,,,,,,,,,,,,,,,,,,,,,,,,,,,
,,,https://www.nottingham.ac.uk/ugstudy/course/French-and-Contemporary-Chinese-Studies-BA,,,,,,,,,,,,,,,,,,,,,,,,,,,,,,,,,,,,,,,,,,,,,,,,
,,,https://www.nottingham.ac.uk/ugstudy/course/Food-Science-and-Nutrition-MSci,,,,,,,,,,,,,,,,,,,,,,,,,,,,,,,,,,,,,,,,,,,,,,,,
,,,https://www.nottingham.ac.uk/ugstudy/course/Food-Science-BSc,,,,,,,,,,,,,,,,,,,,,,,,,,,,,,,,,,,,,,,,,,,,,,,,
,,,https://www.nottingham.ac.uk/ugstudy/course/Hispanic-Studies-BA,,,,,,,,,,,,,,,,,,,,,,,,,,,,,,,,,,,,,,,,,,,,,,,,
,,,https://www.nottingham.ac.uk/ugstudy/course/Historical-Archaeology-BA,,,,,,,,,,,,,,,,,,,,,,,,,,,,,,,,,,,,,,,,,,,,,,,,
,,,https://www.nottingham.ac.uk/ugstudy/course/Food-Science-and-Nutrition-BSc,,,,,,,,,,,,,,,,,,,,,,,,,,,,,,,,,,,,,,,,,,,,,,,,
,,,https://www.nottingham.ac.uk/ugstudy/course/Film-and-Television-Studies-BA,,,,,,,,,,,,,,,,,,,,,,,,,,,,,,,,,,,,,,,,,,,,,,,,
,,,https://www.nottingham.ac.uk/ugstudy/course/Financial-Mathematics-BSc,,,,,,,,,,,,,,,,,,,,,,,,,,,,,,,,,,,,,,,,,,,,,,,,
,,,https://www.nottingham.ac.uk/ugstudy/course/Environmental-Science-BSc,,,,,,,,,,,,,,,,,,,,,,,,,,,,,,,,,,,,,,,,,,,,,,,,
,,,"https://www.nottingham.ac.uk/ugstudy/course/Finance,-Accounting-and-Management-BSc",,,,,,,,,,,,,,,,,,,,,,,,,,,,,,,,,,,,,,,,,,,,,,,,
,,,https://www.nottingham.ac.uk/ugstudy/course/Film-and-Television-Studies-and-American-Studies-BA,,,,,,,,,,,,,,,,,,,,,,,,,,,,,,,,,,,,,,,,,,,,,,,,
,,,https://www.nottingham.ac.uk/ugstudy/course/Environmental-Science-MSci,,,,,,,,,,,,,,,,,,,,,,,,,,,,,,,,,,,,,,,,,,,,,,,,
,,,https://www.nottingham.ac.uk/ugstudy/course/Environmental-Engineering-MEng,,,,,,,,,,,,,,,,,,,,,,,,,,,,,,,,,,,,,,,,,,,,,,,,
,,,https://www.nottingham.ac.uk/ugstudy/course/Environmental-Engineering-including-an-Industrial-Year-MEng,,,,,,,,,,,,,,,,,,,,,,,,,,,,,,,,,,,,,,,,,,,,,,,,
,,,https://www.nottingham.ac.uk/ugstudy/course/Environmental-Engineering-BEng,,,,,,,,,,,,,,,,,,,,,,,,,,,,,,,,,,,,,,,,,,,,,,,,
,,,https://www.nottingham.ac.uk/ugstudy/course/Environmental-Engineering-including-an-industrial-year-BEng,,,,,,,,,,,,,,,,,,,,,,,,,,,,,,,,,,,,,,,,,,,,,,,,
,,,https://www.nottingham.ac.uk/ugstudy/course/Environmental-Biology-BSc,,,,,,,,,,,,,,,,,,,,,,,,,,,,,,,,,,,,,,,,,,,,,,,,
,,,https://www.nottingham.ac.uk/ugstudy/course/Environmental-Biology-MSci,,,,,,,,,,,,,,,,,,,,,,,,,,,,,,,,,,,,,,,,,,,,,,,,
,,,https://www.nottingham.ac.uk/ugstudy/course/English-with-Creative-Writing-BA,,,,,,,,,,,,,,,,,,,,,,,,,,,,,,,,,,,,,,,,,,,,,,,,
,,,https://www.nottingham.ac.uk/ugstudy/course/English-BA,,,,,,,,,,,,,,,,,,,,,,,,,,,,,,,,,,,,,,,,,,,,,,,,
,,,https://www.nottingham.ac.uk/ugstudy/course/English-Language-and-Literature-BA,,,,,,,,,,,,,,,,,,,,,,,,,,,,,,,,,,,,,,,,,,,,,,,,
,,,https://www.nottingham.ac.uk/ugstudy/course/English-and-Philosophy-BA,,,,,,,,,,,,,,,,,,,,,,,,,,,,,,,,,,,,,,,,,,,,,,,,
,,,https://www.nottingham.ac.uk/ugstudy/course/English-and-History-BA,,,,,,,,,,,,,,,,,,,,,,,,,,,,,,,,,,,,,,,,,,,,,,,,
,,,https://www.nottingham.ac.uk/ugstudy/course/Electronic-Engineering-with-Study-Abroad-Year-(Year-3)-MEng,,,,,,,,,,,,,,,,,,,,,,,,,,,,,,,,,,,,,,,,,,,,,,,,
,,,https://www.nottingham.ac.uk/ugstudy/course/Electronic-Engineering-with-Study-Abroad-Year-(Year-2)-MEng,,,,,,,,,,,,,,,,,,,,,,,,,,,,,,,,,,,,,,,,,,,,,,,,
,,,https://www.nottingham.ac.uk/ugstudy/course/Electronic-Engineering-with-Study-Abroad-BEng,,,,,,,,,,,,,,,,,,,,,,,,,,,,,,,,,,,,,,,,,,,,,,,,
,,,https://www.nottingham.ac.uk/ugstudy/course/English-and-Hispanic-Studies-BA,,,,,,,,,,,,,,,,,,,,,,,,,,,,,,,,,,,,,,,,,,,,,,,,
,,,https://www.nottingham.ac.uk/ugstudy/course/English-and-German-BA,,,,,,,,,,,,,,,,,,,,,,,,,,,,,,,,,,,,,,,,,,,,,,,,
,,,https://www.nottingham.ac.uk/ugstudy/course/English-and-French-BA,,,,,,,,,,,,,,,,,,,,,,,,,,,,,,,,,,,,,,,,,,,,,,,,
,,,https://www.nottingham.ac.uk/ugstudy/course/Electronic-Engineering-with-Industrial-Year-(Year-3)-MEng,,,,,,,,,,,,,,,,,,,,,,,,,,,,,,,,,,,,,,,,,,,,,,,,
,,,https://www.nottingham.ac.uk/ugstudy/course/Electronic-Engineering-with-an-Industrial-Year-BEng,,,,,,,,,,,,,,,,,,,,,,,,,,,,,,,,,,,,,,,,,,,,,,,,
,,,https://www.nottingham.ac.uk/ugstudy/course/Electronic-Engineering-BEng,,,,,,,,,,,,,,,,,,,,,,,,,,,,,,,,,,,,,,,,,,,,,,,,
,,,https://www.nottingham.ac.uk/ugstudy/course/Electronic-Engineering-MEng,,,,,,,,,,,,,,,,,,,,,,,,,,,,,,,,,,,,,,,,,,,,,,,,
,,,https://www.nottingham.ac.uk/ugstudy/course/Electronic-Engineering-with-an-Industrial-Year-(Year-4)-MEng,,,,,,,,,,,,,,,,,,,,,,,,,,,,,,,,,,,,,,,,,,,,,,,,
,,,https://www.nottingham.ac.uk/ugstudy/course/Electronic-and-Computer-Engineering-with-Study-Abroad-Year-(Year-3)-MEng,,,,,,,,,,,,,,,,,,,,,,,,,,,,,,,,,,,,,,,,,,,,,,,,
,,,https://www.nottingham.ac.uk/ugstudy/course/Electronic-and-Computer-Engineering-with-Study-Abroad-BEng,,,,,,,,,,,,,,,,,,,,,,,,,,,,,,,,,,,,,,,,,,,,,,,,
,,,https://www.nottingham.ac.uk/ugstudy/course/Electronic-and-Computer-Engineering-with-an-Industrial-Year-BEng,,,,,,,,,,,,,,,,,,,,,,,,,,,,,,,,,,,,,,,,,,,,,,,,
,,,https://www.nottingham.ac.uk/ugstudy/course/Electronic-and-Computer-Engineering-with-Study-Abroad-Year-(Year-2)-MEng,,,,,,,,,,,,,,,,,,,,,,,,,,,,,,,,,,,,,,,,,,,,,,,,
,,,https://www.nottingham.ac.uk/ugstudy/course/Electronic-and-Computer-Engineering-MEng,,,,,,,,,,,,,,,,,,,,,,,,,,,,,,,,,,,,,,,,,,,,,,,,
,,,https://www.nottingham.ac.uk/ugstudy/course/Electronic-and-Computer-Engineering-BEng,,,,,,,,,,,,,,,,,,,,,,,,,,,,,,,,,,,,,,,,,,,,,,,,
,,,https://www.nottingham.ac.uk/ugstudy/course/Electronic-and-Computer-Engineering-with-an-Industrial-Year-(Year-4)-MEng,,,,,,,,,,,,,,,,,,,,,,,,,,,,,,,,,,,,,,,,,,,,,,,,
,,,https://www.nottingham.ac.uk/ugstudy/course/Electronic-and-Computer-Engineering-with-an-Industrial-Year-(Year-3)-MEng,,,,,,,,,,,,,,,,,,,,,,,,,,,,,,,,,,,,,,,,,,,,,,,,
,,,https://www.nottingham.ac.uk/ugstudy/course/Electrical-Engineering-with-Study-Abroad-Year-(Year-3)-MEng,,,,,,,,,,,,,,,,,,,,,,,,,,,,,,,,,,,,,,,,,,,,,,,,
,,,https://www.nottingham.ac.uk/ugstudy/course/Electrical-Engineering-with-Study-Abroad-BEng,,,,,,,,,,,,,,,,,,,,,,,,,,,,,,,,,,,,,,,,,,,,,,,,
,,,https://www.nottingham.ac.uk/ugstudy/course/Electrical-Engineering-with-an-Industrial-Year-BEng,,,,,,,,,,,,,,,,,,,,,,,,,,,,,,,,,,,,,,,,,,,,,,,,
,,,https://www.nottingham.ac.uk/ugstudy/course/Electrical-Engineering-with-Study-Abroad-Year-(Year-2)-MEng,,,,,,,,,,,,,,,,,,,,,,,,,,,,,,,,,,,,,,,,,,,,,,,,
,,,https://www.nottingham.ac.uk/ugstudy/course/Electrical-Engineering-with-an-Industrial-Year-(Year-4)-MEng,,,,,,,,,,,,,,,,,,,,,,,,,,,,,,,,,,,,,,,,,,,,,,,,
,,,https://www.nottingham.ac.uk/ugstudy/course/Electrical-Engineering-MEng,,,,,,,,,,,,,,,,,,,,,,,,,,,,,,,,,,,,,,,,,,,,,,,,
,,,https://www.nottingham.ac.uk/ugstudy/course/Electrical-Engineering-with-an-Industrial-Year-(Year-3)-MEng,,,,,,,,,,,,,,,,,,,,,,,,,,,,,,,,,,,,,,,,,,,,,,,,
,,,https://www.nottingham.ac.uk/ugstudy/course/Electrical-Engineering-BEng,,,,,,,,,,,,,,,,,,,,,,,,,,,,,,,,,,,,,,,,,,,,,,,,
,,,https://www.nottingham.ac.uk/ugstudy/course/Electrical-and-Electronic-Engineering-with-Study-Abroad-Year-(Year-3)-MEng,,,,,,,,,,,,,,,,,,,,,,,,,,,,,,,,,,,,,,,,,,,,,,,,
,,,https://www.nottingham.ac.uk/ugstudy/course/Electrical-and-Electronic-Engineering-with-Study-Abroad-BEng,,,,,,,,,,,,,,,,,,,,,,,,,,,,,,,,,,,,,,,,,,,,,,,,
,,,https://www.nottingham.ac.uk/ugstudy/course/Electrical-and-Electronic-Engineering-with-an-Industrial-Year-BEng,,,,,,,,,,,,,,,,,,,,,,,,,,,,,,,,,,,,,,,,,,,,,,,,
,,,https://www.nottingham.ac.uk/ugstudy/course/Electrical-and-Electronic-Engineering-with-Industrial-Year-(Year-3)-MEng,,,,,,,,,,,,,,,,,,,,,,,,,,,,,,,,,,,,,,,,,,,,,,,,
,,,https://www.nottingham.ac.uk/ugstudy/course/Electrical-and-Electronic-Engineering-BEng,,,,,,,,,,,,,,,,,,,,,,,,,,,,,,,,,,,,,,,,,,,,,,,,
,,,https://www.nottingham.ac.uk/ugstudy/course/Electrical-and-Electronic-Engineering-with-an-Industrial-Year-(Year-4)-MEng,,,,,,,,,,,,,,,,,,,,,,,,,,,,,,,,,,,,,,,,,,,,,,,,
,,,https://www.nottingham.ac.uk/ugstudy/course/Education-BA,,,,,,,,,,,,,,,,,,,,,,,,,,,,,,,,,,,,,,,,,,,,,,,,
,,,https://www.nottingham.ac.uk/ugstudy/course/Electrical-and-Electronic-Engineering-MEng,,,,,,,,,,,,,,,,,,,,,,,,,,,,,,,,,,,,,,,,,,,,,,,,
,,,https://www.nottingham.ac.uk/ugstudy/course/Economics-with-Hispanic-Studies-BA,,,,,,,,,,,,,,,,,,,,,,,,,,,,,,,,,,,,,,,,,,,,,,,,
,,,https://www.nottingham.ac.uk/ugstudy/course/Economics-with-German-BA,,,,,,,,,,,,,,,,,,,,,,,,,,,,,,,,,,,,,,,,,,,,,,,,
,,,https://www.nottingham.ac.uk/ugstudy/course/Economics-BSc,,,,,,,,,,,,,,,,,,,,,,,,,,,,,,,,,,,,,,,,,,,,,,,,
,,,https://www.nottingham.ac.uk/ugstudy/course/Economics-with-French-BA,,,,,,,,,,,,,,,,,,,,,,,,,,,,,,,,,,,,,,,,,,,,,,,,
,,,https://www.nottingham.ac.uk/ugstudy/course/Economics-and-International-Economics-BSc,,,,,,,,,,,,,,,,,,,,,,,,,,,,,,,,,,,,,,,,,,,,,,,,
,,,https://www.nottingham.ac.uk/ugstudy/course/Criminology-BA,,,,,,,,,,,,,,,,,,,,,,,,,,,,,,,,,,,,,,,,,,,,,,,,
,,,https://www.nottingham.ac.uk/ugstudy/course/Economics-and-Econometrics-BSc,,,,,,,,,,,,,,,,,,,,,,,,,,,,,,,,,,,,,,,,,,,,,,,,
,,,https://www.nottingham.ac.uk/ugstudy/course/Criminology-and-Sociology-BA,,,,,,,,,,,,,,,,,,,,,,,,,,,,,,,,,,,,,,,,,,,,,,,,
,,,https://www.nottingham.ac.uk/ugstudy/course/Economics-and-Philosophy-BA,,,,,,,,,,,,,,,,,,,,,,,,,,,,,,,,,,,,,,,,,,,,,,,,
,,,https://www.nottingham.ac.uk/ugstudy/course/Criminology-and-Social-Policy-BA,,,,,,,,,,,,,,,,,,,,,,,,,,,,,,,,,,,,,,,,,,,,,,,,
,,,https://www.nottingham.ac.uk/ugstudy/course/Computer-Science-with-Year-in-Industry-BSc,,,,,,,,,,,,,,,,,,,,,,,,,,,,,,,,,,,,,,,,,,,,,,,,
,,,https://www.nottingham.ac.uk/ugstudy/course/Computer-Science-with-Artificial-Intelligence-MSci,,,,,,,,,,,,,,,,,,,,,,,,,,,,,,,,,,,,,,,,,,,,,,,,
,,,https://www.nottingham.ac.uk/ugstudy/course/Computer-Science-with-Artificial-Intelligence-including-International-Year-MSci,,,,,,,,,,,,,,,,,,,,,,,,,,,,,,,,,,,,,,,,,,,,,,,,
,,,https://www.nottingham.ac.uk/ugstudy/course/Computer-Science-with-Artificial-Intelligence-BSc,,,,,,,,,,,,,,,,,,,,,,,,,,,,,,,,,,,,,,,,,,,,,,,,
,,,https://www.nottingham.ac.uk/ugstudy/course/Computer-Science-including-International-Year-MSci,,,,,,,,,,,,,,,,,,,,,,,,,,,,,,,,,,,,,,,,,,,,,,,,
,,,https://www.nottingham.ac.uk/ugstudy/course/Computer-Science-BSc,,,,,,,,,,,,,,,,,,,,,,,,,,,,,,,,,,,,,,,,,,,,,,,,
,,,https://www.nottingham.ac.uk/ugstudy/course/Computer-Science-MSci,,,,,,,,,,,,,,,,,,,,,,,,,,,,,,,,,,,,,,,,,,,,,,,,
,,,https://www.nottingham.ac.uk/ugstudy/course/Computer-Science-and-Artificial-Intelligence-with-Year-in-Industry-BSc,,,,,,,,,,,,,,,,,,,,,,,,,,,,,,,,,,,,,,,,,,,,,,,,
,,,https://www.nottingham.ac.uk/ugstudy/course/Civil-Engineering-with-Industrial-Year-BEng,,,,,,,,,,,,,,,,,,,,,,,,,,,,,,,,,,,,,,,,,,,,,,,,
,,,https://www.nottingham.ac.uk/ugstudy/course/Civil-Engineering-with-Industrial-Year-MEng,,,,,,,,,,,,,,,,,,,,,,,,,,,,,,,,,,,,,,,,,,,,,,,,
,,,https://www.nottingham.ac.uk/ugstudy/course/Civil-Engineering-MEng,,,,,,,,,,,,,,,,,,,,,,,,,,,,,,,,,,,,,,,,,,,,,,,,
,,,https://www.nottingham.ac.uk/ugstudy/course/Classical-Civilisation-BA,,,,,,,,,,,,,,,,,,,,,,,,,,,,,,,,,,,,,,,,,,,,,,,,
,,,https://www.nottingham.ac.uk/ugstudy/course/Classics-BA,,,,,,,,,,,,,,,,,,,,,,,,,,,,,,,,,,,,,,,,,,,,,,,,
,,,https://www.nottingham.ac.uk/ugstudy/course/Classics-and-English-BA,,,,,,,,,,,,,,,,,,,,,,,,,,,,,,,,,,,,,,,,,,,,,,,,
,,,https://www.nottingham.ac.uk/ugstudy/course/Classical-Civilisation-and-Philosophy-BA,,,,,,,,,,,,,,,,,,,,,,,,,,,,,,,,,,,,,,,,,,,,,,,,
,,,https://www.nottingham.ac.uk/ugstudy/course/Civil-Engineering-BEng,,,,,,,,,,,,,,,,,,,,,,,,,,,,,,,,,,,,,,,,,,,,,,,,
,,,https://www.nottingham.ac.uk/ugstudy/course/Chemistry-with-an-International-Study-Year-MSci,,,,,,,,,,,,,,,,,,,,,,,,,,,,,,,,,,,,,,,,,,,,,,,,
,,,https://www.nottingham.ac.uk/ugstudy/course/Chemistry-with-a-Year-in-Industry-MSci,,,,,,,,,,,,,,,,,,,,,,,,,,,,,,,,,,,,,,,,,,,,,,,,
,,,https://www.nottingham.ac.uk/ugstudy/course/Chemistry-BSc,,,,,,,,,,,,,,,,,,,,,,,,,,,,,,,,,,,,,,,,,,,,,,,,
,,,https://www.nottingham.ac.uk/ugstudy/course/Chemistry-MSci,,,,,,,,,,,,,,,,,,,,,,,,,,,,,,,,,,,,,,,,,,,,,,,,
,,,https://www.nottingham.ac.uk/ugstudy/course/Chemistry-and-Molecular-Physics-BSc,,,,,,,,,,,,,,,,,,,,,,,,,,,,,,,,,,,,,,,,,,,,,,,,
,,,https://www.nottingham.ac.uk/ugstudy/course/Chemistry-and-Molecular-Physics-MSci,,,,,,,,,,,,,,,,,,,,,,,,,,,,,,,,,,,,,,,,,,,,,,,,
,,,https://www.nottingham.ac.uk/ugstudy/course/Chemical-Engineering-with-Environmental-Engineering-with-an-industrial-year-MEng,,,,,,,,,,,,,,,,,,,,,,,,,,,,,,,,,,,,,,,,,,,,,,,,
,,,https://www.nottingham.ac.uk/ugstudy/course/Chemical-Engineering-with-Environmental-Engineering-with-an-industrial-year-BEng,,,,,,,,,,,,,,,,,,,,,,,,,,,,,,,,,,,,,,,,,,,,,,,,
,,,https://www.nottingham.ac.uk/ugstudy/course/Chemical-Engineering-with-Environmental-Engineering-BEng,,,,,,,,,,,,,,,,,,,,,,,,,,,,,,,,,,,,,,,,,,,,,,,,
,,,https://www.nottingham.ac.uk/ugstudy/course/Chemical-Engineering-with-Environmental-Engineering-MEng,,,,,,,,,,,,,,,,,,,,,,,,,,,,,,,,,,,,,,,,,,,,,,,,
,,,https://www.nottingham.ac.uk/ugstudy/course/Architecture-with-Collaborative-Practice-Research-MArch,,,,,,,,,,,,,,,,,,,,,,,,,,,,,,,,,,,,,,,,,,,,,,,,
,,,https://www.nottingham.ac.uk/ugstudy/course/Chemical-Engineering-with-an-Industrial-Year-BEng,,,,,,,,,,,,,,,,,,,,,,,,,,,,,,,,,,,,,,,,,,,,,,,,
,,,https://www.nottingham.ac.uk/ugstudy/course/Chemical-Engineering-MEng,,,,,,,,,,,,,,,,,,,,,,,,,,,,,,,,,,,,,,,,,,,,,,,,
,,,https://www.nottingham.ac.uk/ugstudy/course/Architecture-and-Environmental-Design-MEng,,,,,,,,,,,,,,,,,,,,,,,,,,,,,,,,,,,,,,,,,,,,,,,,
,,,https://www.nottingham.ac.uk/ugstudy/course/Architecture-BArch,,,,,,,,,,,,,,,,,,,,,,,,,,,,,,,,,,,,,,,,,,,,,,,,
,,,https://www.nottingham.ac.uk/ugstudy/course/Architecture-(Part-2)-MArch+ARB+RIBA,,,,,,,,,,,,,,,,,,,,,,,,,,,,,,,,,,,,,,,,,,,,,,,,
,,,https://www.nottingham.ac.uk/ugstudy/course/Architectural-Environment-Engineering-with-Industrial-Placement-Year-BEng,,,,,,,,,,,,,,,,,,,,,,,,,,,,,,,,,,,,,,,,,,,,,,,,
,,,https://www.nottingham.ac.uk/ugstudy/course/Architectural-Environment-Engineering-with-Industrial-Placement-Year-MEng,,,,,,,,,,,,,,,,,,,,,,,,,,,,,,,,,,,,,,,,,,,,,,,,
,,,https://www.nottingham.ac.uk/ugstudy/course/Architectural-Environment-Engineering-BEng,,,,,,,,,,,,,,,,,,,,,,,,,,,,,,,,,,,,,,,,,,,,,,,,
,,,https://www.nottingham.ac.uk/ugstudy/course/Architectural-Environment-Engineering-MEng,,,,,,,,,,,,,,,,,,,,,,,,,,,,,,,,,,,,,,,,,,,,,,,,
,,,https://www.nottingham.ac.uk/ugstudy/course/Archaeology-BA,,,,,,,,,,,,,,,,,,,,,,,,,,,,,,,,,,,,,,,,,,,,,,,,
,,,https://www.nottingham.ac.uk/ugstudy/course/Archaeology-BSc,,,,,,,,,,,,,,,,,,,,,,,,,,,,,,,,,,,,,,,,,,,,,,,,
,,,https://www.nottingham.ac.uk/ugstudy/course/Archaeology-and-History-of-Art-BA,,,,,,,,,,,,,,,,,,,,,,,,,,,,,,,,,,,,,,,,,,,,,,,,
,,,https://www.nottingham.ac.uk/ugstudy/course/Archaeology-and-History-BA,,,,,,,,,,,,,,,,,,,,,,,,,,,,,,,,,,,,,,,,,,,,,,,,
,,,https://www.nottingham.ac.uk/ugstudy/course/Archaeology-and-Classical-Civilisation-BA,,,,,,,,,,,,,,,,,,,,,,,,,,,,,,,,,,,,,,,,,,,,,,,,
,,,https://www.nottingham.ac.uk/ugstudy/course/Archaeology-and-Geography-BA,,,,,,,,,,,,,,,,,,,,,,,,,,,,,,,,,,,,,,,,,,,,,,,,
,,,https://www.nottingham.ac.uk/ugstudy/course/Animal-Science-MSci,,,,,,,,,,,,,,,,,,,,,,,,,,,,,,,,,,,,,,,,,,,,,,,,
,,,https://www.nottingham.ac.uk/ugstudy/course/Animal-Science-BSc,,,,,,,,,,,,,,,,,,,,,,,,,,,,,,,,,,,,,,,,,,,,,,,,
,,,https://www.nottingham.ac.uk/ugstudy/course/Ancient-History-BA,,,,,,,,,,,,,,,,,,,,,,,,,,,,,,,,,,,,,,,,,,,,,,,,
,,,https://www.nottingham.ac.uk/ugstudy/course/Ancient-History-and-Archaeology-BA,,,,,,,,,,,,,,,,,,,,,,,,,,,,,,,,,,,,,,,,,,,,,,,,
,,,https://www.nottingham.ac.uk/ugstudy/course/Ancient-History-and-History-BA,,,,,,,,,,,,,,,,,,,,,,,,,,,,,,,,,,,,,,,,,,,,,,,,
,,,https://www.nottingham.ac.uk/ugstudy/course/American-Studies-and-Latin-American-Studies-BA,,,,,,,,,,,,,,,,,,,,,,,,,,,,,,,,,,,,,,,,,,,,,,,,
,,,"https://www.nottingham.ac.uk/ugstudy/course/American-and-Canadian-Literature,-History-and-Culture-(International-Study)-BA",,,,,,,,,,,,,,,,,,,,,,,,,,,,,,,,,,,,,,,,,,,,,,,,
,,,"https://www.nottingham.ac.uk/ugstudy/course/American-and-Canadian-Literature,-History-and-Culture-BA",,,,,,,,,,,,,,,,,,,,,,,,,,,,,,,,,,,,,,,,,,,,,,,,
,,,https://www.nottingham.ac.uk/ugstudy/course/American-Studies-and-English-BA,,,,,,,,,,,,,,,,,,,,,,,,,,,,,,,,,,,,,,,,,,,,,,,,
,,,https://www.nottingham.ac.uk/ugstudy/course/American-Studies-and-History-BA,,,,,,,,,,,,,,,,,,,,,,,,,,,,,,,,,,,,,,,,,,,,,,,,
,,,https://www.nottingham.ac.uk/ugstudy/course/Agricultural-Business-Management-(Integrated)-BSc,,,,,,,,,,,,,,,,,,,,,,,,,,,,,,,,,,,,,,,,,,,,,,,,
,,,https://www.nottingham.ac.uk/ugstudy/course/Agriculture-BSc,,,,,,,,,,,,,,,,,,,,,,,,,,,,,,,,,,,,,,,,,,,,,,,,
,,,https://www.nottingham.ac.uk/ugstudy/course/Agricultural-and-Livestock-Science-BSc,,,,,,,,,,,,,,,,,,,,,,,,,,,,,,,,,,,,,,,,,,,,,,,,
,,,https://www.nottingham.ac.uk/ugstudy/course/Agricultural-and-Crop-Science-BSc,,,,,,,,,,,,,,,,,,,,,,,,,,,,,,,,,,,,,,,,,,,,,,,,
,,,https://www.nottingham.ac.uk/ugstudy/course/Aerospace-Engineering-including-an-Industrial-Year-MEng,,,,,,,,,,,,,,,,,,,,,,,,,,,,,,,,,,,,,,,,,,,,,,,,
,,,https://www.nottingham.ac.uk/ugstudy/course/Aerospace-Engineering-including-an-Industrial-Year-BEng,,,,,,,,,,,,,,,,,,,,,,,,,,,,,,,,,,,,,,,,,,,,,,,,
,,,https://www.nottingham.ac.uk/ugstudy/course/Aerospace-Engineering-BEng,,,,,,,,,,,,,,,,,,,,,,,,,,,,,,,,,,,,,,,,,,,,,,,,
,,,https://www.nottingham.ac.uk/ugstudy/course/Aerospace-Engineering-MEng,,,,,,,,,,,,,,,,,,,,,,,,,,,,,,,,,,,,,,,,,,,,,,,,
,,,https://www.nottingham.ac.uk/ugstudy/course/Theology-and-Religious-Studies-with-Foundation-Year-BA,,,,,,,,,,,,,,,,,,,,,,,,,,,,,,,,,,,,,,,,,,,,,,,,
,,,https://www.nottingham.ac.uk/ugstudy/course/Accountancy-BSc,,,,,,,,,,,,,,,,,,,,,,,,,,,,,,,,,,,,,,,,,,,,,,,,
,,,https://www.nottingham.ac.uk/ugstudy/course/Science-with-Foundation-Year-MSci,,,,,,,,,,,,,,,,,,,,,,,,,,,,,,,,,,,,,,,,,,,,,,,,
,,,https://www.nottingham.ac.uk/ugstudy/course/Science-with-Foundation-Year-international-students-Foundation,,,,,,,,,,,,,,,,,,,,,,,,,,,,,,,,,,,,,,,,,,,,,,,,
,,,https://www.nottingham.ac.uk/ugstudy/course/Science-with-Foundation-Year-BSc,,,,,,,,,,,,,,,,,,,,,,,,,,,,,,,,,,,,,,,,,,,,,,,,
,,,https://www.nottingham.ac.uk/ugstudy/course/Russian-Studies-with-Foundation-Year-BA,,,,,,,,,,,,,,,,,,,,,,,,,,,,,,,,,,,,,,,,,,,,,,,,
,,,"https://www.nottingham.ac.uk/ugstudy/course/Religion,-Philosophy-and-Ethics-with-Foundation-Year-BA",,,,,,,,,,,,,,,,,,,,,,,,,,,,,,,,,,,,,,,,,,,,,,,,
,,,https://www.nottingham.ac.uk/ugstudy/course/Philosophy-with-Foundation-Year-BA,,,,,,,,,,,,,,,,,,,,,,,,,,,,,,,,,,,,,,,,,,,,,,,,
,,,https://www.nottingham.ac.uk/ugstudy/course/Music-with-Foundation-Year-BA,,,,,,,,,,,,,,,,,,,,,,,,,,,,,,,,,,,,,,,,,,,,,,,,
,,,https://www.nottingham.ac.uk/ugstudy/course/Modern-Languages-with-Translation-with-Foundation-Year-BA,,,,,,,,,,,,,,,,,,,,,,,,,,,,,,,,,,,,,,,,,,,,,,,,
,,,https://www.nottingham.ac.uk/ugstudy/course/Modern-Languages-with-Foundation-Year-BA,,,,,,,,,,,,,,,,,,,,,,,,,,,,,,,,,,,,,,,,,,,,,,,,
,,,https://www.nottingham.ac.uk/ugstudy/course/Modern-Language-Studies-with-Foundation-Year-BA,,,,,,,,,,,,,,,,,,,,,,,,,,,,,,,,,,,,,,,,,,,,,,,,
,,,https://www.nottingham.ac.uk/ugstudy/course/History-of-Art-with-Foundation-Year-BA,,,,,,,,,,,,,,,,,,,,,,,,,,,,,,,,,,,,,,,,,,,,,,,,
,,,https://www.nottingham.ac.uk/ugstudy/course/History-with-Foundation-Year-BA,,,,,,,,,,,,,,,,,,,,,,,,,,,,,,,,,,,,,,,,,,,,,,,,
,,,https://www.nottingham.ac.uk/ugstudy/course/International-Media-and-Communication-Studies-with-Foundation-Year-BA,,,,,,,,,,,,,,,,,,,,,,,,,,,,,,,,,,,,,,,,,,,,,,,,
,,,https://www.nottingham.ac.uk/ugstudy/course/Liberal-Arts-with-Foundation-Year-BA,,,,,,,,,,,,,,,,,,,,,,,,,,,,,,,,,,,,,,,,,,,,,,,,
,,,https://www.nottingham.ac.uk/ugstudy/course/Health-Sciences-with-Foundation-Year-BSc,,,,,,,,,,,,,,,,,,,,,,,,,,,,,,,,,,,,,,,,,,,,,,,,
,,,https://www.nottingham.ac.uk/ugstudy/course/Hispanic-Studies-with-Foundation-Year-BA,,,,,,,,,,,,,,,,,,,,,,,,,,,,,,,,,,,,,,,,,,,,,,,,
,,,https://www.nottingham.ac.uk/ugstudy/course/German-with-Foundation-Year-BA,,,,,,,,,,,,,,,,,,,,,,,,,,,,,,,,,,,,,,,,,,,,,,,,
,,,https://www.nottingham.ac.uk/ugstudy/course/Engineering-and-Physical-Sciences-Foundation+Programme,,,,,,,,,,,,,,,,,,,,,,,,,,,,,,,,,,,,,,,,,,,,,,,,
,,,https://www.nottingham.ac.uk/ugstudy/course/Film-and-Television-Studies-with-Foundation-Year-BA,,,,,,,,,,,,,,,,,,,,,,,,,,,,,,,,,,,,,,,,,,,,,,,,
,,,https://www.nottingham.ac.uk/ugstudy/course/English-Language-and-Literature-with-Foundation-Year-BA,,,,,,,,,,,,,,,,,,,,,,,,,,,,,,,,,,,,,,,,,,,,,,,,
,,,https://www.nottingham.ac.uk/ugstudy/course/French-Studies-with-Foundation-Year-BA,,,,,,,,,,,,,,,,,,,,,,,,,,,,,,,,,,,,,,,,,,,,,,,,
,,,https://www.nottingham.ac.uk/ugstudy/course/English-with-Foundation-Year-BA,,,,,,,,,,,,,,,,,,,,,,,,,,,,,,,,,,,,,,,,,,,,,,,,
,,,https://www.nottingham.ac.uk/ugstudy/course/Engineering-and-Physical-Sciences-Foundation+Certificate,,,,,,,,,,,,,,,,,,,,,,,,,,,,,,,,,,,,,,,,,,,,,,,,
,,,https://www.nottingham.ac.uk/ugstudy/course/Classical-Civilisation-with-Foundation-Year-BA,,,,,,,,,,,,,,,,,,,,,,,,,,,,,,,,,,,,,,,,,,,,,,,,
,,,https://www.nottingham.ac.uk/ugstudy/course/Arts-and-Humanities-BA-Courses-with-Foundation-Year-BA,,,,,,,,,,,,,,,,,,,,,,,,,,,,,,,,,,,,,,,,,,,,,,,,
,,,https://www.nottingham.ac.uk/ugstudy/course/Archaeology-with-Foundation-Year-BA,,,,,,,,,,,,,,,,,,,,,,,,,,,,,,,,,,,,,,,,,,,,,,,,
,,,https://www.nottingham.ac.uk/ugstudy/course/Ancient-History-with-Foundation-Year-BA,,,,,,,,,,,,,,,,,,,,,,,,,,,,,,,,,,,,,,,,,,,,,,,,
,,,https://www.nottingham.ac.uk/ugstudy/course/Plant-Science-BSc,,,,,,,,,,,,,,,,,,,,,,,,,,,,,,,,,,,,,,,,,,,,,,,,
